{"v":"5.7.4","fr":60,"ip":0,"op":780,"w":400,"h":400,"nm":"Primavera","ddd":0,"assets":[{"id":"image_0","w":27,"h":36,"u":"images/","p":"img_0.png","e":0},{"id":"image_1","w":21,"h":39,"u":"images/","p":"img_1.png","e":0},{"id":"image_2","w":36,"h":82,"u":"images/","p":"img_2.png","e":0},{"id":"image_3","w":195,"h":262,"u":"images/","p":"img_3.png","e":0},{"id":"image_4","w":199,"h":252,"u":"images/","p":"img_4.png","e":0},{"id":"image_5","w":65,"h":65,"u":"images/","p":"img_5.png","e":0},{"id":"image_6","w":41,"h":40,"u":"images/","p":"img_6.png","e":0},{"id":"image_7","w":33,"h":49,"u":"images/","p":"img_7.png","e":0},{"id":"image_8","w":50,"h":50,"u":"images/","p":"img_8.png","e":0},{"id":"image_9","w":26,"h":37,"u":"images/","p":"img_9.png","e":0},{"id":"image_10","w":34,"h":28,"u":"images/","p":"img_10.png","e":0},{"id":"image_11","w":88,"h":88,"u":"images/","p":"img_11.png","e":0},{"id":"image_12","w":62,"h":43,"u":"images/","p":"img_12.png","e":0},{"id":"image_13","w":45,"h":46,"u":"images/","p":"img_13.png","e":0},{"id":"image_14","w":49,"h":32,"u":"images/","p":"img_14.png","e":0},{"id":"image_15","w":22,"h":18,"u":"images/","p":"img_15.png","e":0},{"id":"image_16","w":24,"h":23,"u":"images/","p":"img_16.png","e":0},{"id":"image_17","w":24,"h":17,"u":"images/","p":"img_17.png","e":0},{"id":"image_18","w":56,"h":54,"u":"images/","p":"img_18.png","e":0},{"id":"image_19","w":24,"h":26,"u":"images/","p":"img_19.png","e":0},{"id":"image_20","w":26,"h":23,"u":"images/","p":"img_20.png","e":0},{"id":"image_21","w":63,"h":49,"u":"images/","p":"img_21.png","e":0},{"id":"image_22","w":42,"h":38,"u":"images/","p":"img_22.png","e":0},{"id":"image_23","w":36,"h":28,"u":"images/","p":"img_23.png","e":0},{"id":"image_24","w":80,"h":80,"u":"images/","p":"img_24.png","e":0},{"id":"image_25","w":41,"h":41,"u":"images/","p":"img_25.png","e":0},{"id":"image_26","w":45,"h":37,"u":"images/","p":"img_26.png","e":0},{"id":"image_27","w":36,"h":28,"u":"images/","p":"img_27.png","e":0},{"id":"image_28","w":19,"h":15,"u":"images/","p":"img_28.png","e":0},{"id":"image_29","w":17,"h":19,"u":"images/","p":"img_29.png","e":0},{"id":"image_30","w":18,"h":16,"u":"images/","p":"img_30.png","e":0},{"id":"image_31","w":88,"h":88,"u":"images/","p":"img_31.png","e":0},{"id":"image_32","w":45,"h":46,"u":"images/","p":"img_32.png","e":0},{"id":"image_33","w":62,"h":43,"u":"images/","p":"img_33.png","e":0},{"id":"image_34","w":60,"h":60,"u":"images/","p":"img_34.png","e":0},{"id":"image_35","w":27,"h":35,"u":"images/","p":"img_35.png","e":0},{"id":"image_36","w":36,"h":26,"u":"images/","p":"img_36.png","e":0},{"id":"image_37","w":88,"h":88,"u":"images/","p":"img_37.png","e":0},{"id":"image_38","w":59,"h":48,"u":"images/","p":"img_38.png","e":0},{"id":"image_39","w":46,"h":65,"u":"images/","p":"img_39.png","e":0},{"id":"image_40","w":23,"h":114,"u":"images/","p":"img_40.png","e":0},{"id":"image_41","w":23,"h":114,"u":"images/","p":"img_41.png","e":0},{"id":"image_42","w":23,"h":114,"u":"images/","p":"img_42.png","e":0},{"id":"image_43","w":23,"h":114,"u":"images/","p":"img_43.png","e":0},{"id":"image_44","w":23,"h":114,"u":"images/","p":"img_44.png","e":0},{"id":"image_45","w":17,"h":115,"u":"images/","p":"img_45.png","e":0},{"id":"image_46","w":23,"h":114,"u":"images/","p":"img_46.png","e":0},{"id":"image_47","w":23,"h":114,"u":"images/","p":"img_47.png","e":0},{"id":"image_48","w":23,"h":114,"u":"images/","p":"img_48.png","e":0},{"id":"image_49","w":23,"h":114,"u":"images/","p":"img_49.png","e":0},{"id":"image_50","w":23,"h":114,"u":"images/","p":"img_50.png","e":0},{"id":"image_51","w":16,"h":91,"u":"images/","p":"img_51.png","e":0},{"id":"image_52","w":23,"h":114,"u":"images/","p":"img_52.png","e":0},{"id":"image_53","w":23,"h":114,"u":"images/","p":"img_53.png","e":0},{"id":"image_54","w":23,"h":114,"u":"images/","p":"img_54.png","e":0},{"id":"image_55","w":23,"h":114,"u":"images/","p":"img_55.png","e":0},{"id":"image_56","w":23,"h":114,"u":"images/","p":"img_56.png","e":0},{"id":"image_57","w":17,"h":115,"u":"images/","p":"img_57.png","e":0},{"id":"image_58","w":23,"h":114,"u":"images/","p":"img_58.png","e":0},{"id":"image_59","w":23,"h":114,"u":"images/","p":"img_59.png","e":0},{"id":"image_60","w":23,"h":114,"u":"images/","p":"img_60.png","e":0},{"id":"image_61","w":23,"h":114,"u":"images/","p":"img_61.png","e":0},{"id":"image_62","w":23,"h":114,"u":"images/","p":"img_62.png","e":0},{"id":"image_63","w":16,"h":91,"u":"images/","p":"img_63.png","e":0},{"id":"image_64","w":172,"h":172,"u":"images/","p":"img_64.png","e":0},{"id":"image_65","w":150,"h":106,"u":"images/","p":"img_65.png","e":0},{"id":"image_66","w":118,"h":132,"u":"images/","p":"img_66.png","e":0},{"id":"image_67","w":140,"h":95,"u":"images/","p":"img_67.png","e":0},{"id":"image_68","w":41,"h":64,"u":"images/","p":"img_68.png","e":0},{"id":"image_69","w":24,"h":17,"u":"images/","p":"img_69.png","e":0},{"id":"image_70","w":17,"h":24,"u":"images/","p":"img_70.png","e":0},{"id":"image_71","w":54,"h":61,"u":"images/","p":"img_71.png","e":0},{"id":"image_72","w":33,"h":42,"u":"images/","p":"img_72.png","e":0},{"id":"image_73","w":34,"h":36,"u":"images/","p":"img_73.png","e":0},{"id":"comp_0","layers":[{"ddd":0,"ind":1,"ty":2,"nm":"Antena","refId":"image_0","sr":1,"ks":{"o":{"a":0,"k":100,"ix":11},"r":{"a":0,"k":0,"ix":10},"p":{"a":0,"k":[209.887,102.051,0],"ix":2,"l":2},"a":{"a":0,"k":[13.054,17.551,0],"ix":1,"l":2},"s":{"a":0,"k":[100,100,100],"ix":6,"l":2}},"ao":0,"ip":0,"op":780,"st":0,"bm":0},{"ddd":0,"ind":2,"ty":2,"nm":"Antena","refId":"image_1","sr":1,"ks":{"o":{"a":0,"k":100,"ix":11},"r":{"a":0,"k":0,"ix":10},"p":{"a":0,"k":[226.411,100.069,0],"ix":2,"l":2},"a":{"a":0,"k":[10.233,19.319,0],"ix":1,"l":2},"s":{"a":0,"k":[100,100,100],"ix":6,"l":2}},"ao":0,"ip":0,"op":780,"st":0,"bm":0},{"ddd":0,"ind":3,"ty":2,"nm":"Cuerpo Mariposa","refId":"image_2","sr":1,"ks":{"o":{"a":0,"k":100,"ix":11},"r":{"a":0,"k":0,"ix":10},"p":{"a":0,"k":[224.525,149.85,0],"ix":2,"l":2},"a":{"a":0,"k":[17.596,40.61,0],"ix":1,"l":2},"s":{"a":0,"k":[100,100,100],"ix":6,"l":2}},"ao":0,"ip":0,"op":780,"st":0,"bm":0},{"ddd":0,"ind":4,"ty":2,"nm":"Ala","refId":"image_3","sr":1,"ks":{"o":{"a":0,"k":100,"ix":11},"r":{"a":0,"k":0,"ix":10},"p":{"a":0,"k":[221.546,134.107,0],"ix":2,"l":2},"a":{"a":0,"k":[68.174,110.57,0],"ix":1,"l":2},"s":{"a":1,"k":[{"i":{"x":[0.201,0.667,0.667],"y":[1,1,1]},"o":{"x":[0.573,0.333,0.333],"y":[0,0,0]},"t":0,"s":[100,100,100]},{"i":{"x":[0.218,0.667,0.667],"y":[1,1,1]},"o":{"x":[0.564,0.333,0.333],"y":[0,0,0]},"t":26,"s":[56,100,100]},{"i":{"x":[0.201,0.667,0.667],"y":[1,1,1]},"o":{"x":[0.333,0.333,0.333],"y":[0,0,0]},"t":53,"s":[100,100,100]},{"i":{"x":[0.218,0.667,0.667],"y":[1,1,1]},"o":{"x":[0.564,0.333,0.333],"y":[0,0,0]},"t":76,"s":[56,100,100]},{"i":{"x":[0.201,0.667,0.667],"y":[1,1,1]},"o":{"x":[0.167,0.167,0.167],"y":[0,0,0]},"t":103,"s":[100,100,100]},{"i":{"x":[0.218,0.667,0.667],"y":[1,1,1]},"o":{"x":[0.564,0.333,0.333],"y":[0,0,0]},"t":122,"s":[56,100,100]},{"i":{"x":[0.201,0.667,0.667],"y":[1,1,1]},"o":{"x":[0.333,0.333,0.333],"y":[0,0,0]},"t":149,"s":[100,100,100]},{"i":{"x":[0.218,0.667,0.667],"y":[1,1,1]},"o":{"x":[0.564,0.333,0.333],"y":[0,0,0]},"t":172,"s":[56,100,100]},{"i":{"x":[0.201,0.667,0.667],"y":[1,1,1]},"o":{"x":[0.167,0.167,0.167],"y":[0,0,0]},"t":199,"s":[100,100,100]},{"i":{"x":[0.218,0.667,0.667],"y":[1,1,1]},"o":{"x":[0.564,0.333,0.333],"y":[0,0,0]},"t":220,"s":[56,100,100]},{"i":{"x":[0.201,0.667,0.667],"y":[1,1,1]},"o":{"x":[0.333,0.333,0.333],"y":[0,0,0]},"t":247,"s":[100,100,100]},{"i":{"x":[0.218,0.667,0.667],"y":[1,1,1]},"o":{"x":[0.564,0.333,0.333],"y":[0,0,0]},"t":270,"s":[56,100,100]},{"i":{"x":[0.201,0.667,0.667],"y":[1,1,1]},"o":{"x":[0.167,0.167,0.167],"y":[0,0,0]},"t":297,"s":[100,100,100]},{"i":{"x":[0.218,0.667,0.667],"y":[1,1,1]},"o":{"x":[0.564,0.333,0.333],"y":[0,0,0]},"t":316,"s":[56,100,100]},{"i":{"x":[0.201,0.667,0.667],"y":[1,1,1]},"o":{"x":[0.333,0.333,0.333],"y":[0,0,0]},"t":343,"s":[100,100,100]},{"i":{"x":[0.218,0.667,0.667],"y":[1,1,1]},"o":{"x":[0.564,0.333,0.333],"y":[0,0,0]},"t":366,"s":[56,100,100]},{"i":{"x":[0.201,0.667,0.667],"y":[1,1,1]},"o":{"x":[0.167,0.167,0.167],"y":[0,0,0]},"t":393,"s":[100,100,100]},{"i":{"x":[0.218,0.667,0.667],"y":[1,1,1]},"o":{"x":[0.564,0.333,0.333],"y":[0,0,0]},"t":421,"s":[56,100,100]},{"i":{"x":[0.201,0.667,0.667],"y":[1,1,1]},"o":{"x":[0.333,0.333,0.333],"y":[0,0,0]},"t":448,"s":[100,100,100]},{"i":{"x":[0.218,0.667,0.667],"y":[1,1,1]},"o":{"x":[0.564,0.333,0.333],"y":[0,0,0]},"t":471,"s":[56,100,100]},{"i":{"x":[0.201,0.667,0.667],"y":[1,1,1]},"o":{"x":[0.167,0.167,0.167],"y":[0,0,0]},"t":498,"s":[100,100,100]},{"i":{"x":[0.218,0.667,0.667],"y":[1,1,1]},"o":{"x":[0.564,0.333,0.333],"y":[0,0,0]},"t":517,"s":[56,100,100]},{"i":{"x":[0.201,0.667,0.667],"y":[1,1,1]},"o":{"x":[0.333,0.333,0.333],"y":[0,0,0]},"t":544,"s":[100,100,100]},{"i":{"x":[0.218,0.667,0.667],"y":[1,1,1]},"o":{"x":[0.564,0.333,0.333],"y":[0,0,0]},"t":567,"s":[56,100,100]},{"i":{"x":[0.201,0.667,0.667],"y":[1,1,1]},"o":{"x":[0.167,0.167,0.167],"y":[0,0,0]},"t":594,"s":[100,100,100]},{"i":{"x":[0.218,0.667,0.667],"y":[1,1,1]},"o":{"x":[0.564,0.333,0.333],"y":[0,0,0]},"t":617,"s":[56,100,100]},{"i":{"x":[0.201,0.667,0.667],"y":[1,1,1]},"o":{"x":[0.333,0.333,0.333],"y":[0,0,0]},"t":644,"s":[100,100,100]},{"i":{"x":[0.218,0.667,0.667],"y":[1,1,1]},"o":{"x":[0.564,0.333,0.333],"y":[0,0,0]},"t":667,"s":[56,100,100]},{"i":{"x":[0.201,0.667,0.667],"y":[1,1,1]},"o":{"x":[0.167,0.167,0.167],"y":[0,0,0]},"t":694,"s":[100,100,100]},{"i":{"x":[0.218,0.667,0.667],"y":[1,1,1]},"o":{"x":[0.564,0.333,0.333],"y":[0,0,0]},"t":713,"s":[56,100,100]},{"i":{"x":[0.201,0.667,0.667],"y":[1,1,1]},"o":{"x":[0.333,0.333,0.333],"y":[0,0,0]},"t":740,"s":[100,100,100]},{"i":{"x":[0.218,0.667,0.667],"y":[1,1,1]},"o":{"x":[0.564,0.333,0.333],"y":[0,0,0]},"t":763,"s":[56,100,100]},{"t":790,"s":[100,100,100]}],"ix":6,"l":2}},"ao":0,"ip":0,"op":780,"st":0,"bm":0},{"ddd":0,"ind":5,"ty":2,"nm":"Ala","refId":"image_4","sr":1,"ks":{"o":{"a":0,"k":100,"ix":11},"r":{"a":0,"k":0,"ix":10},"p":{"a":0,"k":[221.824,136.499,0],"ix":2,"l":2},"a":{"a":0,"k":[132.319,87.751,0],"ix":1,"l":2},"s":{"a":1,"k":[{"i":{"x":[0.201,0.667,0.667],"y":[1,1,1]},"o":{"x":[0.573,0.333,0.333],"y":[0,0,0]},"t":0,"s":[100,100,100]},{"i":{"x":[0.218,0.667,0.667],"y":[1,1,1]},"o":{"x":[0.564,0.333,0.333],"y":[0,0,0]},"t":26,"s":[58,100,100]},{"i":{"x":[0.201,0.667,0.667],"y":[1,1,1]},"o":{"x":[0.333,0.333,0.333],"y":[0,0,0]},"t":53,"s":[100,100,100]},{"i":{"x":[0.218,0.667,0.667],"y":[1,1,1]},"o":{"x":[0.564,0.333,0.333],"y":[0,0,0]},"t":76,"s":[56,100,100]},{"i":{"x":[0.201,0.667,0.667],"y":[1,1,1]},"o":{"x":[0.167,0.167,0.167],"y":[0,0,0]},"t":103,"s":[100,100,100]},{"i":{"x":[0.218,0.667,0.667],"y":[1,1,1]},"o":{"x":[0.564,0.333,0.333],"y":[0,0,0]},"t":122,"s":[56,100,100]},{"i":{"x":[0.201,0.667,0.667],"y":[1,1,1]},"o":{"x":[0.333,0.333,0.333],"y":[0,0,0]},"t":149,"s":[100,100,100]},{"i":{"x":[0.218,0.667,0.667],"y":[1,1,1]},"o":{"x":[0.564,0.333,0.333],"y":[0,0,0]},"t":172,"s":[56,100,100]},{"i":{"x":[0.201,0.667,0.667],"y":[1,1,1]},"o":{"x":[0.167,0.167,0.167],"y":[0,0,0]},"t":199,"s":[100,100,100]},{"i":{"x":[0.218,0.667,0.667],"y":[1,1,1]},"o":{"x":[0.564,0.333,0.333],"y":[0,0,0]},"t":220,"s":[56,100,100]},{"i":{"x":[0.201,0.667,0.667],"y":[1,1,1]},"o":{"x":[0.333,0.333,0.333],"y":[0,0,0]},"t":247,"s":[100,100,100]},{"i":{"x":[0.218,0.667,0.667],"y":[1,1,1]},"o":{"x":[0.564,0.333,0.333],"y":[0,0,0]},"t":270,"s":[56,100,100]},{"i":{"x":[0.201,0.667,0.667],"y":[1,1,1]},"o":{"x":[0.167,0.167,0.167],"y":[0,0,0]},"t":297,"s":[100,100,100]},{"i":{"x":[0.218,0.667,0.667],"y":[1,1,1]},"o":{"x":[0.564,0.333,0.333],"y":[0,0,0]},"t":316,"s":[56,100,100]},{"i":{"x":[0.201,0.667,0.667],"y":[1,1,1]},"o":{"x":[0.333,0.333,0.333],"y":[0,0,0]},"t":343,"s":[100,100,100]},{"i":{"x":[0.218,0.667,0.667],"y":[1,1,1]},"o":{"x":[0.564,0.333,0.333],"y":[0,0,0]},"t":366,"s":[56,100,100]},{"i":{"x":[0.201,0.667,0.667],"y":[1,1,1]},"o":{"x":[0.167,0.167,0.167],"y":[0,0,0]},"t":393,"s":[100,100,100]},{"i":{"x":[0.218,0.667,0.667],"y":[1,1,1]},"o":{"x":[0.564,0.333,0.333],"y":[0,0,0]},"t":421,"s":[56,100,100]},{"i":{"x":[0.201,0.667,0.667],"y":[1,1,1]},"o":{"x":[0.333,0.333,0.333],"y":[0,0,0]},"t":448,"s":[100,100,100]},{"i":{"x":[0.218,0.667,0.667],"y":[1,1,1]},"o":{"x":[0.564,0.333,0.333],"y":[0,0,0]},"t":471,"s":[56,100,100]},{"i":{"x":[0.201,0.667,0.667],"y":[1,1,1]},"o":{"x":[0.167,0.167,0.167],"y":[0,0,0]},"t":498,"s":[100,100,100]},{"i":{"x":[0.218,0.667,0.667],"y":[1,1,1]},"o":{"x":[0.564,0.333,0.333],"y":[0,0,0]},"t":517,"s":[56,100,100]},{"i":{"x":[0.201,0.667,0.667],"y":[1,1,1]},"o":{"x":[0.333,0.333,0.333],"y":[0,0,0]},"t":544,"s":[100,100,100]},{"i":{"x":[0.218,0.667,0.667],"y":[1,1,1]},"o":{"x":[0.564,0.333,0.333],"y":[0,0,0]},"t":567,"s":[56,100,100]},{"i":{"x":[0.201,0.667,0.667],"y":[1,1,1]},"o":{"x":[0.167,0.167,0.167],"y":[0,0,0]},"t":594,"s":[100,100,100]},{"i":{"x":[0.218,0.667,0.667],"y":[1,1,1]},"o":{"x":[0.564,0.333,0.333],"y":[0,0,0]},"t":617,"s":[56,100,100]},{"i":{"x":[0.201,0.667,0.667],"y":[1,1,1]},"o":{"x":[0.333,0.333,0.333],"y":[0,0,0]},"t":644,"s":[100,100,100]},{"i":{"x":[0.218,0.667,0.667],"y":[1,1,1]},"o":{"x":[0.564,0.333,0.333],"y":[0,0,0]},"t":667,"s":[56,100,100]},{"i":{"x":[0.201,0.667,0.667],"y":[1,1,1]},"o":{"x":[0.167,0.167,0.167],"y":[0,0,0]},"t":694,"s":[100,100,100]},{"i":{"x":[0.218,0.667,0.667],"y":[1,1,1]},"o":{"x":[0.564,0.333,0.333],"y":[0,0,0]},"t":713,"s":[56,100,100]},{"i":{"x":[0.201,0.667,0.667],"y":[1,1,1]},"o":{"x":[0.333,0.333,0.333],"y":[0,0,0]},"t":740,"s":[100,100,100]},{"i":{"x":[0.218,0.667,0.667],"y":[1,1,1]},"o":{"x":[0.564,0.333,0.333],"y":[0,0,0]},"t":763,"s":[56,100,100]},{"t":790,"s":[100,100,100]}],"ix":6,"l":2}},"ao":0,"ip":0,"op":780,"st":0,"bm":0}]},{"id":"comp_1","layers":[{"ddd":0,"ind":1,"ty":2,"nm":"Pasto","refId":"image_40","sr":1,"ks":{"o":{"a":0,"k":100,"ix":11},"r":{"a":0,"k":0,"ix":10},"p":{"a":0,"k":[389.691,372.143,0],"ix":2,"l":2},"a":{"a":0,"k":[15.646,110.073,0],"ix":1,"l":2},"s":{"a":1,"k":[{"i":{"x":[0,0,0.667],"y":[1,1,1]},"o":{"x":[0.333,0.333,0.333],"y":[0,0,0]},"t":139,"s":[0,0,100]},{"t":200,"s":[100,100,100]}],"ix":6,"l":2}},"ao":0,"ip":139,"op":780,"st":139,"bm":0},{"ddd":0,"ind":2,"ty":2,"nm":"Pasto","refId":"image_41","sr":1,"ks":{"o":{"a":0,"k":100,"ix":11},"r":{"a":0,"k":0,"ix":10},"p":{"a":0,"k":[372.021,364.643,0],"ix":2,"l":2},"a":{"a":0,"k":[8.646,113.573,0],"ix":1,"l":2},"s":{"a":1,"k":[{"i":{"x":[0,0,0.667],"y":[1,1,1]},"o":{"x":[0.333,0.333,0.333],"y":[0,0,0]},"t":19,"s":[0,0,100]},{"t":80,"s":[100,100,100]}],"ix":6,"l":2}},"ao":0,"ip":19,"op":780,"st":19,"bm":0},{"ddd":0,"ind":3,"ty":2,"nm":"Pasto","refId":"image_42","sr":1,"ks":{"o":{"a":0,"k":100,"ix":11},"r":{"a":0,"k":0,"ix":10},"p":{"a":0,"k":[331.423,393.673,0],"ix":2,"l":2},"a":{"a":0,"k":[9.594,114.313,0],"ix":1,"l":2},"s":{"a":1,"k":[{"i":{"x":[0,0,0.667],"y":[1,1,1]},"o":{"x":[0.333,0.333,0.333],"y":[0,0,0]},"t":40,"s":[0,0,100]},{"t":101,"s":[100,100,100]}],"ix":6,"l":2}},"ao":0,"ip":40,"op":780,"st":40,"bm":0},{"ddd":0,"ind":4,"ty":2,"nm":"Pasto","refId":"image_43","sr":1,"ks":{"o":{"a":0,"k":100,"ix":11},"r":{"a":0,"k":0,"ix":10},"p":{"a":0,"k":[353.248,372.806,0],"ix":2,"l":2},"a":{"a":0,"k":[5.646,110.072,0],"ix":1,"l":2},"s":{"a":1,"k":[{"i":{"x":[0,0,0.667],"y":[1,1,1]},"o":{"x":[0.333,0.333,0.333],"y":[0,0,0]},"t":107,"s":[0,0,100]},{"t":168,"s":[100,100,100]}],"ix":6,"l":2}},"ao":0,"ip":107,"op":780,"st":107,"bm":0},{"ddd":0,"ind":5,"ty":2,"nm":"Pasto","refId":"image_44","sr":1,"ks":{"o":{"a":0,"k":100,"ix":11},"r":{"a":0,"k":0,"ix":10},"p":{"a":0,"k":[349.748,365.806,0],"ix":2,"l":2},"a":{"a":0,"k":[11.146,115.072,0],"ix":1,"l":2},"s":{"a":1,"k":[{"i":{"x":[0,0,0.667],"y":[1,1,1]},"o":{"x":[0.333,0.333,0.333],"y":[0,0,0]},"t":19,"s":[0,0,100]},{"t":80,"s":[100,100,100]}],"ix":6,"l":2}},"ao":0,"ip":19,"op":780,"st":19,"bm":0},{"ddd":0,"ind":6,"ty":2,"nm":"Pasto","refId":"image_45","sr":1,"ks":{"o":{"a":0,"k":100,"ix":11},"r":{"a":0,"k":0,"ix":10},"p":{"a":0,"k":[341.188,364.952,0],"ix":2,"l":2},"a":{"a":0,"k":[11.107,111.228,0],"ix":1,"l":2},"s":{"a":1,"k":[{"i":{"x":[0,0,0.667],"y":[1,1,1]},"o":{"x":[0.333,0.333,0.333],"y":[0,0,0]},"t":45,"s":[0,0,100]},{"t":106,"s":[100,100,100]}],"ix":6,"l":2}},"ao":0,"ip":45,"op":780,"st":45,"bm":0},{"ddd":0,"ind":7,"ty":2,"nm":"Pasto","refId":"image_46","sr":1,"ks":{"o":{"a":0,"k":100,"ix":11},"r":{"a":0,"k":0,"ix":10},"p":{"a":0,"k":[328.691,386.143,0],"ix":2,"l":2},"a":{"a":0,"k":[11.646,114.073,0],"ix":1,"l":2},"s":{"a":1,"k":[{"i":{"x":[0,0,0.667],"y":[1,1,1]},"o":{"x":[0.333,0.333,0.333],"y":[0,0,0]},"t":27,"s":[0,0,100]},{"t":88,"s":[100,100,100]}],"ix":6,"l":2}},"ao":0,"ip":27,"op":780,"st":27,"bm":0},{"ddd":0,"ind":8,"ty":2,"nm":"Pasto","refId":"image_47","sr":1,"ks":{"o":{"a":0,"k":100,"ix":11},"r":{"a":0,"k":0,"ix":10},"p":{"a":0,"k":[315.521,376.643,0],"ix":2,"l":2},"a":{"a":0,"k":[9.146,115.573,0],"ix":1,"l":2},"s":{"a":1,"k":[{"i":{"x":[0,0,0.667],"y":[1,1,1]},"o":{"x":[0.333,0.333,0.333],"y":[0,0,0]},"t":87,"s":[0,0,100]},{"t":148,"s":[100,100,100]}],"ix":6,"l":2}},"ao":0,"ip":87,"op":780,"st":87,"bm":0},{"ddd":0,"ind":9,"ty":2,"nm":"Pasto","refId":"image_48","sr":1,"ks":{"o":{"a":0,"k":100,"ix":11},"r":{"a":0,"k":0,"ix":10},"p":{"a":0,"k":[304.423,379.673,0],"ix":2,"l":2},"a":{"a":0,"k":[8.146,109.072,0],"ix":1,"l":2},"s":{"a":1,"k":[{"i":{"x":[0,0,0.667],"y":[1,1,1]},"o":{"x":[0.333,0.333,0.333],"y":[0,0,0]},"t":7,"s":[0,0,100]},{"t":68,"s":[100,100,100]}],"ix":6,"l":2}},"ao":0,"ip":7,"op":780,"st":7,"bm":0},{"ddd":0,"ind":10,"ty":2,"nm":"Pasto","refId":"image_49","sr":1,"ks":{"o":{"a":0,"k":100,"ix":11},"r":{"a":0,"k":0,"ix":10},"p":{"a":0,"k":[300.248,381.806,0],"ix":2,"l":2},"a":{"a":0,"k":[9.646,109.072,0],"ix":1,"l":2},"s":{"a":1,"k":[{"i":{"x":[0,0,0.667],"y":[1,1,1]},"o":{"x":[0.333,0.333,0.333],"y":[0,0,0]},"t":46,"s":[0,0,100]},{"t":107,"s":[100,100,100]}],"ix":6,"l":2}},"ao":0,"ip":46,"op":780,"st":46,"bm":0},{"ddd":0,"ind":11,"ty":2,"nm":"Pasto","refId":"image_50","sr":1,"ks":{"o":{"a":0,"k":100,"ix":11},"r":{"a":0,"k":0,"ix":10},"p":{"a":0,"k":[293.418,366.306,0],"ix":2,"l":2},"a":{"a":0,"k":[11.146,105.572,0],"ix":1,"l":2},"s":{"a":1,"k":[{"i":{"x":[0,0,0.667],"y":[1,1,1]},"o":{"x":[0.333,0.333,0.333],"y":[0,0,0]},"t":10,"s":[0,0,100]},{"t":71,"s":[100,100,100]}],"ix":6,"l":2}},"ao":0,"ip":10,"op":780,"st":10,"bm":0},{"ddd":0,"ind":12,"ty":2,"nm":"Pasto","refId":"image_51","sr":1,"ks":{"o":{"a":0,"k":100,"ix":11},"r":{"a":0,"k":0,"ix":10},"p":{"a":0,"k":[281.199,376.055,0],"ix":2,"l":2},"a":{"a":0,"k":[8.262,88.929,0],"ix":1,"l":2},"s":{"a":1,"k":[{"i":{"x":[0,0,0.667],"y":[1,1,1]},"o":{"x":[0.333,0.333,0.333],"y":[0,0,0]},"t":76,"s":[0,0,100]},{"t":137,"s":[100,100,100]}],"ix":6,"l":2}},"ao":0,"ip":76,"op":780,"st":76,"bm":0},{"ddd":0,"ind":13,"ty":2,"nm":"Pasto","refId":"image_52","sr":1,"ks":{"o":{"a":0,"k":100,"ix":11},"r":{"a":0,"k":0,"ix":10},"p":{"a":0,"k":[258.121,418.66,0],"ix":2,"l":2},"a":{"a":0,"k":[11.646,110.072,0],"ix":1,"l":2},"s":{"a":1,"k":[{"i":{"x":[0,0,0.667],"y":[1,1,1]},"o":{"x":[0.333,0.333,0.333],"y":[0,0,0]},"t":10,"s":[0,0,100]},{"t":71,"s":[100,100,100]}],"ix":6,"l":2}},"ao":0,"ip":10,"op":780,"st":10,"bm":0},{"ddd":0,"ind":14,"ty":2,"nm":"Pasto","refId":"image_53","sr":1,"ks":{"o":{"a":0,"k":100,"ix":11},"r":{"a":0,"k":0,"ix":10},"p":{"a":0,"k":[168.451,472.16,0],"ix":2,"l":2},"a":{"a":0,"k":[-67.354,174.572,0],"ix":1,"l":2},"s":{"a":1,"k":[{"i":{"x":[0,0,0.667],"y":[1,1,1]},"o":{"x":[0.333,0.333,0.333],"y":[0,0,0]},"t":61,"s":[0,0,100]},{"t":122,"s":[100,100,100]}],"ix":6,"l":2}},"ao":0,"ip":61,"op":780,"st":61,"bm":0},{"ddd":0,"ind":15,"ty":2,"nm":"Pasto","refId":"image_54","sr":1,"ks":{"o":{"a":0,"k":100,"ix":11},"r":{"a":0,"k":0,"ix":10},"p":{"a":0,"k":[234.854,421.19,0],"ix":2,"l":2},"a":{"a":0,"k":[9.146,114.072,0],"ix":1,"l":2},"s":{"a":1,"k":[{"i":{"x":[0,0,0.667],"y":[1,1,1]},"o":{"x":[0.333,0.333,0.333],"y":[0,0,0]},"t":13,"s":[0,0,100]},{"t":74,"s":[100,100,100]}],"ix":6,"l":2}},"ao":0,"ip":13,"op":780,"st":13,"bm":0},{"ddd":0,"ind":16,"ty":2,"nm":"Pasto","refId":"image_55","sr":1,"ks":{"o":{"a":0,"k":100,"ix":11},"r":{"a":0,"k":0,"ix":10},"p":{"a":0,"k":[99.678,522.824,0],"ix":2,"l":2},"a":{"a":0,"k":[-120.354,213.572,0],"ix":1,"l":2},"s":{"a":1,"k":[{"i":{"x":[0,0,0.667],"y":[1,1,1]},"o":{"x":[0.333,0.333,0.333],"y":[0,0,0]},"t":2,"s":[0,0,100]},{"t":63,"s":[100,100,100]}],"ix":6,"l":2}},"ao":0,"ip":2,"op":780,"st":2,"bm":0},{"ddd":0,"ind":17,"ty":2,"nm":"Pasto","refId":"image_56","sr":1,"ks":{"o":{"a":0,"k":100,"ix":11},"r":{"a":0,"k":0,"ix":10},"p":{"a":0,"k":[120.678,456.324,0],"ix":2,"l":2},"a":{"a":0,"k":[-90.354,159.072,0],"ix":1,"l":2},"s":{"a":1,"k":[{"i":{"x":[0,0,0.667],"y":[1,1,1]},"o":{"x":[0.333,0.333,0.333],"y":[0,0,0]},"t":64,"s":[0,0,100]},{"t":125,"s":[100,100,100]}],"ix":6,"l":2}},"ao":0,"ip":64,"op":780,"st":64,"bm":0},{"ddd":0,"ind":18,"ty":2,"nm":"Pasto","refId":"image_57","sr":1,"ks":{"o":{"a":0,"k":100,"ix":11},"r":{"a":0,"k":0,"ix":10},"p":{"a":0,"k":[208.118,414.969,0],"ix":2,"l":2},"a":{"a":0,"k":[5.606,114.728,0],"ix":1,"l":2},"s":{"a":1,"k":[{"i":{"x":[0,0,0.667],"y":[1,1,1]},"o":{"x":[0.333,0.333,0.333],"y":[0,0,0]},"t":39,"s":[0,0,100]},{"t":100,"s":[100,100,100]}],"ix":6,"l":2}},"ao":0,"ip":39,"op":780,"st":39,"bm":0},{"ddd":0,"ind":19,"ty":2,"nm":"Pasto","refId":"image_58","sr":1,"ks":{"o":{"a":0,"k":100,"ix":11},"r":{"a":0,"k":0,"ix":10},"p":{"a":0,"k":[202.121,427.16,0],"ix":2,"l":2},"a":{"a":0,"k":[12.646,108.572,0],"ix":1,"l":2},"s":{"a":1,"k":[{"i":{"x":[0,0,0.667],"y":[1,1,1]},"o":{"x":[0.333,0.333,0.333],"y":[0,0,0]},"t":17,"s":[0,0,100]},{"t":78,"s":[100,100,100]}],"ix":6,"l":2}},"ao":0,"ip":17,"op":780,"st":17,"bm":0},{"ddd":0,"ind":20,"ty":2,"nm":"Pasto","refId":"image_59","sr":1,"ks":{"o":{"a":0,"k":100,"ix":11},"r":{"a":0,"k":0,"ix":10},"p":{"a":0,"k":[189.451,421.66,0],"ix":2,"l":2},"a":{"a":0,"k":[10.646,114.072,0],"ix":1,"l":2},"s":{"a":1,"k":[{"i":{"x":[0,0,0.667],"y":[1,1,1]},"o":{"x":[0.333,0.333,0.333],"y":[0,0,0]},"t":65,"s":[0,0,100]},{"t":126,"s":[100,100,100]}],"ix":6,"l":2}},"ao":0,"ip":65,"op":780,"st":65,"bm":0},{"ddd":0,"ind":21,"ty":2,"nm":"Pasto","refId":"image_60","sr":1,"ks":{"o":{"a":0,"k":100,"ix":11},"r":{"a":0,"k":0,"ix":10},"p":{"a":0,"k":[181.208,428.618,0],"ix":2,"l":2},"a":{"a":0,"k":[12.5,111.5,0],"ix":1,"l":2},"s":{"a":1,"k":[{"i":{"x":[0,0,0.667],"y":[1,1,1]},"o":{"x":[0.333,0.333,0.333],"y":[0,0,0]},"t":30,"s":[0,0,100]},{"t":91,"s":[100,100,100]}],"ix":6,"l":2}},"ao":0,"ip":30,"op":780,"st":30,"bm":0},{"ddd":0,"ind":22,"ty":2,"nm":"Pasto","refId":"image_61","sr":1,"ks":{"o":{"a":0,"k":100,"ix":11},"r":{"a":0,"k":0,"ix":10},"p":{"a":0,"k":[174.678,433.324,0],"ix":2,"l":2},"a":{"a":0,"k":[11.646,114.072,0],"ix":1,"l":2},"s":{"a":1,"k":[{"i":{"x":[0,0,0.667],"y":[1,1,1]},"o":{"x":[0.333,0.333,0.333],"y":[0,0,0]},"t":1,"s":[0,0,100]},{"t":62,"s":[100,100,100]}],"ix":6,"l":2}},"ao":0,"ip":1,"op":780,"st":1,"bm":0},{"ddd":0,"ind":23,"ty":2,"nm":"Pasto","refId":"image_62","sr":1,"ks":{"o":{"a":0,"k":100,"ix":11},"r":{"a":0,"k":0,"ix":10},"p":{"a":0,"k":[164.848,420.824,0],"ix":2,"l":2},"a":{"a":0,"k":[10.146,113.572,0],"ix":1,"l":2},"s":{"a":1,"k":[{"i":{"x":[0,0,0.667],"y":[1,1,1]},"o":{"x":[0.333,0.333,0.333],"y":[0,0,0]},"t":43,"s":[0,0,100]},{"t":104,"s":[100,100,100]}],"ix":6,"l":2}},"ao":0,"ip":43,"op":780,"st":43,"bm":0},{"ddd":0,"ind":24,"ty":2,"nm":"Pasto","refId":"image_63","sr":1,"ks":{"o":{"a":0,"k":100,"ix":11},"r":{"a":0,"k":0,"ix":10},"p":{"a":0,"k":[150.629,424.072,0],"ix":2,"l":2},"a":{"a":0,"k":[5.262,90.43,0],"ix":1,"l":2},"s":{"a":1,"k":[{"i":{"x":[0,0,0.667],"y":[1,1,1]},"o":{"x":[0.333,0.333,0.333],"y":[0,0,0]},"t":0,"s":[0,0,100]},{"t":61,"s":[100,100,100]}],"ix":6,"l":2}},"ao":0,"ip":0,"op":780,"st":0,"bm":0}]}],"layers":[{"ddd":0,"ind":1,"ty":0,"nm":"Mariposa","refId":"comp_0","sr":1,"ks":{"o":{"a":0,"k":100,"ix":11},"r":{"a":0,"k":0,"ix":10},"p":{"a":0,"k":[226,136,0],"ix":2,"l":2},"a":{"a":0,"k":[226,136,0],"ix":1,"l":2},"s":{"a":1,"k":[{"i":{"x":[0.833,0.833,0.833],"y":[0.833,0.833,0.833]},"o":{"x":[0.167,0.167,0.167],"y":[0.167,0.167,0.167]},"t":0,"s":[0,0,100]},{"t":187,"s":[84,84,100]}],"ix":6,"l":2}},"ao":0,"w":400,"h":400,"ip":0,"op":780,"st":0,"bm":0},{"ddd":0,"ind":2,"ty":2,"nm":"Flor","refId":"image_5","sr":1,"ks":{"o":{"a":0,"k":100,"ix":11},"r":{"a":0,"k":0,"ix":10},"p":{"a":0,"k":[374.605,398.033,0],"ix":2,"l":2},"a":{"a":0,"k":[32.483,54.484,0],"ix":1,"l":2},"s":{"a":1,"k":[{"i":{"x":[0.16,0.16,0.667],"y":[1,1,1]},"o":{"x":[0.333,0.333,0.333],"y":[0,0,0]},"t":24,"s":[0,0,100]},{"t":90,"s":[100,100,100]}],"ix":6,"l":2}},"ao":0,"ip":0,"op":780,"st":0,"bm":0},{"ddd":0,"ind":3,"ty":2,"nm":"Hoja","refId":"image_6","sr":1,"ks":{"o":{"a":0,"k":100,"ix":11},"r":{"a":0,"k":0,"ix":10},"p":{"a":0,"k":[405.698,396.285,0],"ix":2,"l":2},"a":{"a":0,"k":[28.182,24.73,0],"ix":1,"l":2},"s":{"a":1,"k":[{"i":{"x":[0.16,0.16,0.667],"y":[1,1,1]},"o":{"x":[0.333,0.333,0.333],"y":[0,0,0]},"t":103,"s":[0,0,100]},{"t":169,"s":[100,100,100]}],"ix":6,"l":2}},"ao":0,"ip":0,"op":780,"st":0,"bm":0},{"ddd":0,"ind":4,"ty":2,"nm":"Hoja","refId":"image_7","sr":1,"ks":{"o":{"a":0,"k":100,"ix":11},"r":{"a":0,"k":0,"ix":10},"p":{"a":0,"k":[381.018,422.232,0],"ix":2,"l":2},"a":{"a":0,"k":[15.622,41.097,0],"ix":1,"l":2},"s":{"a":1,"k":[{"i":{"x":[0.16,0.16,0.667],"y":[1,1,1]},"o":{"x":[0.333,0.333,0.333],"y":[0,0,0]},"t":63,"s":[0,0,100]},{"t":129,"s":[100,100,100]}],"ix":6,"l":2}},"ao":0,"ip":0,"op":780,"st":0,"bm":0},{"ddd":0,"ind":5,"ty":2,"nm":"Flor","refId":"image_8","sr":1,"ks":{"o":{"a":0,"k":100,"ix":11},"r":{"a":0,"k":0,"ix":10},"p":{"a":0,"k":[342.342,369.05,0],"ix":2,"l":2},"a":{"a":0,"k":[24.598,23.598,0],"ix":1,"l":2},"s":{"a":1,"k":[{"i":{"x":[0.16,0.16,0.667],"y":[1,1,1]},"o":{"x":[0.333,0.333,0.333],"y":[0,0,0]},"t":32,"s":[0,0,100]},{"t":98,"s":[100,100,100]}],"ix":6,"l":2}},"ao":0,"ip":0,"op":780,"st":0,"bm":0},{"ddd":0,"ind":6,"ty":2,"nm":"Hoja 2","refId":"image_9","sr":1,"ks":{"o":{"a":0,"k":100,"ix":11},"r":{"a":0,"k":0,"ix":10},"p":{"a":0,"k":[343.237,406.082,0],"ix":2,"l":2},"a":{"a":0,"k":[14.346,31.169,0],"ix":1,"l":2},"s":{"a":1,"k":[{"i":{"x":[0.833,0.833,0.833],"y":[0.833,0.833,0.833]},"o":{"x":[0.167,0.167,0.167],"y":[0.167,0.167,0.167]},"t":150,"s":[0,0,100]},{"t":211,"s":[100,100,100]}],"ix":6,"l":2}},"ao":0,"ip":0,"op":780,"st":-745,"bm":0},{"ddd":0,"ind":7,"ty":2,"nm":"Hoja","refId":"image_10","sr":1,"ks":{"o":{"a":0,"k":100,"ix":11},"r":{"a":0,"k":0,"ix":10},"p":{"a":0,"k":[337.895,375.349,0],"ix":2,"l":2},"a":{"a":0,"k":[26.574,6.056,0],"ix":1,"l":2},"s":{"a":1,"k":[{"i":{"x":[0.16,0.16,0.667],"y":[1,1,1]},"o":{"x":[0.333,0.333,0.333],"y":[0,0,0]},"t":61,"s":[0,0,100]},{"t":127,"s":[100,100,100]}],"ix":6,"l":2}},"ao":0,"ip":0,"op":780,"st":0,"bm":0},{"ddd":0,"ind":8,"ty":2,"nm":"Flor","refId":"image_11","sr":1,"ks":{"o":{"a":0,"k":100,"ix":11},"r":{"a":0,"k":0,"ix":10},"p":{"a":0,"k":[402.657,322.994,0],"ix":2,"l":2},"a":{"a":0,"k":[73.647,47.647,0],"ix":1,"l":2},"s":{"a":1,"k":[{"i":{"x":[0.16,0.16,0.667],"y":[1,1,1]},"o":{"x":[0.333,0.333,0.333],"y":[0,0,0]},"t":0,"s":[0,0,100]},{"t":66,"s":[100,100,100]}],"ix":6,"l":2}},"ao":0,"ip":0,"op":780,"st":0,"bm":0},{"ddd":0,"ind":9,"ty":2,"nm":"Hoja","refId":"image_12","sr":1,"ks":{"o":{"a":0,"k":100,"ix":11},"r":{"a":0,"k":0,"ix":10},"p":{"a":0,"k":[406.193,324.158,0],"ix":2,"l":2},"a":{"a":0,"k":[30.78,21.37,0],"ix":1,"l":2},"s":{"a":1,"k":[{"i":{"x":[0.16,0.16,0.667],"y":[1,1,1]},"o":{"x":[0.333,0.333,0.333],"y":[0,0,0]},"t":46,"s":[0,0,100]},{"t":112,"s":[100,100,100]}],"ix":6,"l":2}},"ao":0,"ip":0,"op":780,"st":0,"bm":0},{"ddd":0,"ind":10,"ty":2,"nm":"Hoja","refId":"image_13","sr":1,"ks":{"o":{"a":0,"k":100,"ix":11},"r":{"a":0,"k":0,"ix":10},"p":{"a":0,"k":[391.897,363.857,0],"ix":2,"l":2},"a":{"a":0,"k":[25.048,36.364,0],"ix":1,"l":2},"s":{"a":1,"k":[{"i":{"x":[0.16,0.16,0.667],"y":[1,1,1]},"o":{"x":[0.333,0.333,0.333],"y":[0,0,0]},"t":103,"s":[0,0,100]},{"t":169,"s":[100,100,100]}],"ix":6,"l":2}},"ao":0,"ip":0,"op":780,"st":0,"bm":0},{"ddd":0,"ind":11,"ty":2,"nm":"Flor","refId":"image_14","sr":1,"ks":{"o":{"a":0,"k":100,"ix":11},"r":{"a":0,"k":0,"ix":10},"p":{"a":0,"k":[300.786,395.99,0],"ix":2,"l":2},"a":{"a":0,"k":[23.051,31.959,0],"ix":1,"l":2},"s":{"a":1,"k":[{"i":{"x":[0.16,0.16,0.667],"y":[1,1,1]},"o":{"x":[0.333,0.333,0.333],"y":[0,0,0]},"t":54,"s":[0,0,100]},{"t":120,"s":[100,100,100]}],"ix":6,"l":2}},"ao":0,"ip":0,"op":780,"st":0,"bm":0},{"ddd":0,"ind":12,"ty":2,"nm":"Hoja","refId":"image_15","sr":1,"ks":{"o":{"a":0,"k":100,"ix":11},"r":{"a":0,"k":0,"ix":10},"p":{"a":0,"k":[319.646,394.846,0],"ix":2,"l":2},"a":{"a":0,"k":[10.949,8.556,0],"ix":1,"l":2},"s":{"a":1,"k":[{"i":{"x":[0.16,0.16,0.667],"y":[1,1,1]},"o":{"x":[0.333,0.333,0.333],"y":[0,0,0]},"t":79,"s":[0,0,100]},{"t":145,"s":[100,100,100]}],"ix":6,"l":2}},"ao":0,"ip":0,"op":780,"st":0,"bm":0},{"ddd":0,"ind":13,"ty":2,"nm":"Hoja","refId":"image_16","sr":1,"ks":{"o":{"a":0,"k":100,"ix":11},"r":{"a":0,"k":0,"ix":10},"p":{"a":0,"k":[297.354,390.143,0],"ix":2,"l":2},"a":{"a":0,"k":[7.879,2.15,0],"ix":1,"l":2},"s":{"a":1,"k":[{"i":{"x":[0.16,0.16,0.667],"y":[1,1,1]},"o":{"x":[0.333,0.333,0.333],"y":[0,0,0]},"t":103,"s":[0,0,100]},{"t":169,"s":[100,100,100]}],"ix":6,"l":2}},"ao":0,"ip":0,"op":780,"st":0,"bm":0},{"ddd":0,"ind":14,"ty":2,"nm":"Hoja","refId":"image_17","sr":1,"ks":{"o":{"a":0,"k":100,"ix":11},"r":{"a":0,"k":0,"ix":10},"p":{"a":0,"k":[292.901,391.898,0],"ix":2,"l":2},"a":{"a":0,"k":[15.525,3.698,0],"ix":1,"l":2},"s":{"a":1,"k":[{"i":{"x":[0.16,0.16,0.667],"y":[1,1,1]},"o":{"x":[0.333,0.333,0.333],"y":[0,0,0]},"t":103,"s":[0,0,100]},{"t":169,"s":[100,100,100]}],"ix":6,"l":2}},"ao":0,"ip":0,"op":780,"st":0,"bm":0},{"ddd":0,"ind":15,"ty":2,"nm":"Flor","refId":"image_18","sr":1,"ks":{"o":{"a":0,"k":100,"ix":11},"r":{"a":0,"k":0,"ix":10},"p":{"a":0,"k":[220.917,387.801,0],"ix":2,"l":2},"a":{"a":0,"k":[34.532,30.958,0],"ix":1,"l":2},"s":{"a":1,"k":[{"i":{"x":[0.16,0.16,0.667],"y":[1,1,1]},"o":{"x":[0.333,0.333,0.333],"y":[0,0,0]},"t":69,"s":[0,0,100]},{"t":135,"s":[100,100,100]}],"ix":6,"l":2}},"ao":0,"ip":0,"op":780,"st":0,"bm":0},{"ddd":0,"ind":16,"ty":2,"nm":"Hoja","refId":"image_19","sr":1,"ks":{"o":{"a":0,"k":100,"ix":11},"r":{"a":0,"k":0,"ix":10},"p":{"a":0,"k":[239.588,400.136,0],"ix":2,"l":2},"a":{"a":0,"k":[20.672,20.547,0],"ix":1,"l":2},"s":{"a":1,"k":[{"i":{"x":[0.16,0.16,0.667],"y":[1,1,1]},"o":{"x":[0.333,0.333,0.333],"y":[0,0,0]},"t":85,"s":[0,0,100]},{"t":151,"s":[100,100,100]}],"ix":6,"l":2}},"ao":0,"ip":0,"op":780,"st":0,"bm":0},{"ddd":0,"ind":17,"ty":2,"nm":"Hoja","refId":"image_20","sr":1,"ks":{"o":{"a":0,"k":100,"ix":11},"r":{"a":0,"k":0,"ix":10},"p":{"a":0,"k":[217.216,405.794,0],"ix":2,"l":2},"a":{"a":0,"k":[12.594,11.427,0],"ix":1,"l":2},"s":{"a":1,"k":[{"i":{"x":[0.16,0.16,0.667],"y":[1,1,1]},"o":{"x":[0.333,0.333,0.333],"y":[0,0,0]},"t":114,"s":[0,0,100]},{"t":180,"s":[100,100,100]}],"ix":6,"l":2}},"ao":0,"ip":0,"op":780,"st":0,"bm":0},{"ddd":0,"ind":18,"ty":2,"nm":"Flor","refId":"image_21","sr":1,"ks":{"o":{"a":0,"k":100,"ix":11},"r":{"a":0,"k":0,"ix":10},"p":{"a":0,"k":[253.894,389.273,0],"ix":2,"l":2},"a":{"a":0,"k":[27.5,38.5,0],"ix":1,"l":2},"s":{"a":1,"k":[{"i":{"x":[0.16,0.16,0.667],"y":[1,1,1]},"o":{"x":[0.333,0.333,0.333],"y":[0,0,0]},"t":101,"s":[0,0,100]},{"t":167,"s":[100,100,100]}],"ix":6,"l":2}},"ao":0,"ip":0,"op":780,"st":0,"bm":0},{"ddd":0,"ind":19,"ty":2,"nm":"Hoja","refId":"image_22","sr":1,"ks":{"o":{"a":0,"k":100,"ix":11},"r":{"a":0,"k":0,"ix":10},"p":{"a":0,"k":[264.724,408.065,0],"ix":2,"l":2},"a":{"a":0,"k":[21.077,22.156,0],"ix":1,"l":2},"s":{"a":1,"k":[{"i":{"x":[0.16,0.16,0.667],"y":[1,1,1]},"o":{"x":[0.333,0.333,0.333],"y":[0,0,0]},"t":103,"s":[0,0,100]},{"t":169,"s":[100,100,100]}],"ix":6,"l":2}},"ao":0,"ip":0,"op":780,"st":0,"bm":0},{"ddd":0,"ind":20,"ty":2,"nm":"Hoja","refId":"image_23","sr":1,"ks":{"o":{"a":0,"k":100,"ix":11},"r":{"a":0,"k":0,"ix":10},"p":{"a":0,"k":[248.692,381.736,0],"ix":2,"l":2},"a":{"a":0,"k":[27.15,5.706,0],"ix":1,"l":2},"s":{"a":1,"k":[{"i":{"x":[0.16,0.16,0.667],"y":[1,1,1]},"o":{"x":[0.333,0.333,0.333],"y":[0,0,0]},"t":103,"s":[0,0,100]},{"t":169,"s":[100,100,100]}],"ix":6,"l":2}},"ao":0,"ip":0,"op":780,"st":0,"bm":0},{"ddd":0,"ind":21,"ty":2,"nm":"Flor","refId":"image_24","sr":1,"ks":{"o":{"a":0,"k":100,"ix":11},"r":{"a":0,"k":0,"ix":10},"p":{"a":0,"k":[300.349,344.287,0],"ix":2,"l":2},"a":{"a":0,"k":[40.533,39.533,0],"ix":1,"l":2},"s":{"a":1,"k":[{"i":{"x":[0.16,0.16,0.667],"y":[1,1,1]},"o":{"x":[0.333,0.333,0.333],"y":[0,0,0]},"t":43,"s":[0,0,100]},{"t":109,"s":[100,100,100]}],"ix":6,"l":2}},"ao":0,"ip":0,"op":780,"st":0,"bm":0},{"ddd":0,"ind":22,"ty":2,"nm":"Hoja","refId":"image_25","sr":1,"ks":{"o":{"a":0,"k":100,"ix":11},"r":{"a":0,"k":0,"ix":10},"p":{"a":0,"k":[283.886,333.09,0],"ix":2,"l":2},"a":{"a":0,"k":[32.532,35.849,0],"ix":1,"l":2},"s":{"a":1,"k":[{"i":{"x":[0.16,0.16,0.667],"y":[1,1,1]},"o":{"x":[0.333,0.333,0.333],"y":[0,0,0]},"t":103,"s":[0,0,100]},{"t":169,"s":[100,100,100]}],"ix":6,"l":2}},"ao":0,"ip":0,"op":780,"st":0,"bm":0},{"ddd":0,"ind":23,"ty":2,"nm":"Hoja","refId":"image_26","sr":1,"ks":{"o":{"a":0,"k":100,"ix":11},"r":{"a":0,"k":0,"ix":10},"p":{"a":0,"k":[298.169,353.455,0],"ix":2,"l":2},"a":{"a":0,"k":[-11.209,42.265,0],"ix":1,"l":2},"s":{"a":1,"k":[{"i":{"x":[0.16,0.16,0.667],"y":[1,1,1]},"o":{"x":[0.333,0.333,0.333],"y":[0,0,0]},"t":76,"s":[0,0,100]},{"t":142,"s":[100,100,100]}],"ix":6,"l":2}},"ao":0,"ip":0,"op":780,"st":0,"bm":0},{"ddd":0,"ind":24,"ty":2,"nm":"Flor","refId":"image_27","sr":1,"ks":{"o":{"a":0,"k":100,"ix":11},"r":{"a":0,"k":0,"ix":10},"p":{"a":0,"k":[138.532,396.688,0],"ix":2,"l":2},"a":{"a":0,"k":[21.852,18.941,0],"ix":1,"l":2},"s":{"a":1,"k":[{"i":{"x":[0.16,0.16,0.667],"y":[1,1,1]},"o":{"x":[0.333,0.333,0.333],"y":[0,0,0]},"t":0,"s":[0,0,100]},{"t":66,"s":[100,100,100]}],"ix":6,"l":2}},"ao":0,"ip":0,"op":780,"st":0,"bm":0},{"ddd":0,"ind":25,"ty":2,"nm":"Hoja","refId":"image_28","sr":1,"ks":{"o":{"a":0,"k":100,"ix":11},"r":{"a":0,"k":0,"ix":10},"p":{"a":0,"k":[133.179,408.833,0],"ix":2,"l":2},"a":{"a":0,"k":[19.385,16.181,0],"ix":1,"l":2},"s":{"a":1,"k":[{"i":{"x":[0.16,0.16,0.667],"y":[1,1,1]},"o":{"x":[0.333,0.333,0.333],"y":[0,0,0]},"t":30,"s":[0,0,100]},{"t":96,"s":[100,100,100]}],"ix":6,"l":2}},"ao":0,"ip":0,"op":780,"st":0,"bm":0},{"ddd":0,"ind":26,"ty":2,"nm":"Hoja","refId":"image_29","sr":1,"ks":{"o":{"a":0,"k":100,"ix":11},"r":{"a":0,"k":0,"ix":10},"p":{"a":0,"k":[131.422,403.953,0],"ix":2,"l":2},"a":{"a":0,"k":[8.342,9.268,0],"ix":1,"l":2},"s":{"a":1,"k":[{"i":{"x":[0.16,0.16,0.667],"y":[1,1,1]},"o":{"x":[0.333,0.333,0.333],"y":[0,0,0]},"t":0,"s":[0,0,100]},{"t":66,"s":[100,100,100]}],"ix":6,"l":2}},"ao":0,"ip":0,"op":780,"st":0,"bm":0},{"ddd":0,"ind":27,"ty":2,"nm":"Hoja","refId":"image_30","sr":1,"ks":{"o":{"a":0,"k":100,"ix":11},"r":{"a":0,"k":0,"ix":10},"p":{"a":0,"k":[144.567,405.906,0],"ix":2,"l":2},"a":{"a":0,"k":[8.747,7.915,0],"ix":1,"l":2},"s":{"a":1,"k":[{"i":{"x":[0.16,0.16,0.667],"y":[1,1,1]},"o":{"x":[0.333,0.333,0.333],"y":[0,0,0]},"t":0,"s":[0,0,100]},{"t":66,"s":[100,100,100]}],"ix":6,"l":2}},"ao":0,"ip":0,"op":780,"st":0,"bm":0},{"ddd":0,"ind":28,"ty":2,"nm":"Flor","refId":"image_31","sr":1,"ks":{"o":{"a":0,"k":100,"ix":11},"r":{"a":0,"k":0,"ix":10},"p":{"a":0,"k":[95.657,382.994,0],"ix":2,"l":2},"a":{"a":0,"k":[52.647,60.647,0],"ix":1,"l":2},"s":{"a":1,"k":[{"i":{"x":[0.16,0.16,0.667],"y":[1,1,1]},"o":{"x":[0.333,0.333,0.333],"y":[0,0,0]},"t":43,"s":[0,0,100]},{"t":109,"s":[100,100,100]}],"ix":6,"l":2}},"ao":0,"ip":0,"op":780,"st":0,"bm":0},{"ddd":0,"ind":29,"ty":2,"nm":"Hoja","refId":"image_32","sr":1,"ks":{"o":{"a":0,"k":100,"ix":11},"r":{"a":0,"k":0,"ix":10},"p":{"a":0,"k":[120.896,373.357,0],"ix":2,"l":2},"a":{"a":0,"k":[40.049,-1.136,0],"ix":1,"l":2},"s":{"a":1,"k":[{"i":{"x":[0.16,0.16,0.667],"y":[1,1,1]},"o":{"x":[0.333,0.333,0.333],"y":[0,0,0]},"t":92,"s":[0,0,100]},{"t":158,"s":[100,100,100]}],"ix":6,"l":2}},"ao":0,"ip":0,"op":780,"st":0,"bm":0},{"ddd":0,"ind":30,"ty":2,"nm":"Hoja","refId":"image_33","sr":1,"ks":{"o":{"a":0,"k":100,"ix":11},"r":{"a":0,"k":0,"ix":10},"p":{"a":0,"k":[98.193,360.158,0],"ix":2,"l":2},"a":{"a":0,"k":[8.78,10.37,0],"ix":1,"l":2},"s":{"a":1,"k":[{"i":{"x":[0.16,0.16,0.667],"y":[1,1,1]},"o":{"x":[0.333,0.333,0.333],"y":[0,0,0]},"t":85,"s":[0,0,100]},{"t":151,"s":[100,100,100]}],"ix":6,"l":2}},"ao":0,"ip":0,"op":780,"st":0,"bm":0},{"ddd":0,"ind":31,"ty":2,"nm":"Flor","refId":"image_34","sr":1,"ks":{"o":{"a":0,"k":100,"ix":11},"r":{"a":0,"k":0,"ix":10},"p":{"a":0,"k":[33.803,384.173,0],"ix":2,"l":2},"a":{"a":0,"k":[29.566,29.566,0],"ix":1,"l":2},"s":{"a":1,"k":[{"i":{"x":[0.16,0.16,0.667],"y":[1,1,1]},"o":{"x":[0.333,0.333,0.333],"y":[0,0,0]},"t":54,"s":[0,0,100]},{"t":120,"s":[100,100,100]}],"ix":6,"l":2}},"ao":0,"ip":0,"op":780,"st":0,"bm":0},{"ddd":0,"ind":32,"ty":2,"nm":"Hoja","refId":"image_35","sr":1,"ks":{"o":{"a":0,"k":100,"ix":11},"r":{"a":0,"k":0,"ix":10},"p":{"a":0,"k":[45.15,410.98,0],"ix":2,"l":2},"a":{"a":0,"k":[13.07,17.403,0],"ix":1,"l":2},"s":{"a":1,"k":[{"i":{"x":[0.16,0.16,0.667],"y":[1,1,1]},"o":{"x":[0.333,0.333,0.333],"y":[0,0,0]},"t":85,"s":[0,0,100]},{"t":151,"s":[100,100,100]}],"ix":6,"l":2}},"ao":0,"ip":0,"op":780,"st":0,"bm":0},{"ddd":0,"ind":33,"ty":2,"nm":"Hoja","refId":"image_36","sr":1,"ks":{"o":{"a":0,"k":100,"ix":11},"r":{"a":0,"k":0,"ix":10},"p":{"a":0,"k":[20.009,389.053,0],"ix":2,"l":2},"a":{"a":0,"k":[31.871,14.726,0],"ix":1,"l":2},"s":{"a":1,"k":[{"i":{"x":[0.16,0.16,0.667],"y":[1,1,1]},"o":{"x":[0.333,0.333,0.333],"y":[0,0,0]},"t":70,"s":[0,0,100]},{"t":136,"s":[100,100,100]}],"ix":6,"l":2}},"ao":0,"ip":0,"op":780,"st":0,"bm":0},{"ddd":0,"ind":34,"ty":2,"nm":"Flor","refId":"image_37","sr":1,"ks":{"o":{"a":0,"k":100,"ix":11},"r":{"a":0,"k":0,"ix":10},"p":{"a":0,"k":[35.415,324.1,0],"ix":2,"l":2},"a":{"a":0,"k":[43.647,43.647,0],"ix":1,"l":2},"s":{"a":1,"k":[{"i":{"x":[0.16,0.16,0.667],"y":[1,1,1]},"o":{"x":[0.333,0.333,0.333],"y":[0,0,0]},"t":17,"s":[0,0,100]},{"t":83,"s":[100,100,100]}],"ix":6,"l":2}},"ao":0,"ip":0,"op":780,"st":0,"bm":0},{"ddd":0,"ind":35,"ty":2,"nm":"Hoja","refId":"image_38","sr":1,"ks":{"o":{"a":0,"k":100,"ix":11},"r":{"a":0,"k":0,"ix":10},"p":{"a":0,"k":[25.666,334.911,0],"ix":2,"l":2},"a":{"a":0,"k":[45.344,11.966,0],"ix":1,"l":2},"s":{"a":1,"k":[{"i":{"x":[0.16,0.16,0.667],"y":[1,1,1]},"o":{"x":[0.333,0.333,0.333],"y":[0,0,0]},"t":42,"s":[0,0,100]},{"t":108,"s":[100,100,100]}],"ix":6,"l":2}},"ao":0,"ip":0,"op":780,"st":0,"bm":0},{"ddd":0,"ind":36,"ty":2,"nm":"Hoja","refId":"image_39","sr":1,"ks":{"o":{"a":0,"k":100,"ix":11},"r":{"a":0,"k":0,"ix":10},"p":{"a":0,"k":[39.335,334.148,0],"ix":2,"l":2},"a":{"a":0,"k":[27.702,1.188,0],"ix":1,"l":2},"s":{"a":1,"k":[{"i":{"x":[0.16,0.16,0.667],"y":[1,1,1]},"o":{"x":[0.333,0.333,0.333],"y":[0,0,0]},"t":42,"s":[0,0,100]},{"t":108,"s":[100,100,100]}],"ix":6,"l":2}},"ao":0,"ip":0,"op":780,"st":0,"bm":0},{"ddd":0,"ind":37,"ty":0,"nm":"Pasto","refId":"comp_1","sr":1,"ks":{"o":{"a":0,"k":100,"ix":11},"r":{"a":0,"k":0,"ix":10},"p":{"a":0,"k":[200,200,0],"ix":2,"l":2},"a":{"a":0,"k":[200,200,0],"ix":1,"l":2},"s":{"a":0,"k":[100,100,100],"ix":6,"l":2}},"ao":0,"w":400,"h":400,"ip":27,"op":807,"st":27,"bm":0},{"ddd":0,"ind":38,"ty":2,"nm":"girasol","refId":"image_64","sr":1,"ks":{"o":{"a":0,"k":100,"ix":11},"r":{"a":0,"k":0,"ix":10},"p":{"a":0,"k":[-0.999,249.941,0],"ix":2,"l":2},"a":{"a":0,"k":[25.213,88.712,0],"ix":1,"l":2},"s":{"a":1,"k":[{"i":{"x":[0.833,0.833,0.833],"y":[0.833,0.833,0.833]},"o":{"x":[0.167,0.167,0.167],"y":[0.167,0.167,0.167]},"t":0,"s":[0,0,100]},{"t":65,"s":[100,100,100]}],"ix":6,"l":2}},"ao":0,"ip":0,"op":780,"st":0,"bm":0},{"ddd":0,"ind":39,"ty":2,"nm":"Hoja","refId":"image_65","sr":1,"ks":{"o":{"a":0,"k":100,"ix":11},"r":{"a":0,"k":0,"ix":10},"p":{"a":0,"k":[44.414,210.576,0],"ix":2,"l":2},"a":{"a":0,"k":[69.578,85.72,0],"ix":1,"l":2},"s":{"a":1,"k":[{"i":{"x":[0.16,0.16,0.667],"y":[1,1,1]},"o":{"x":[0.333,0.333,0.333],"y":[0,0,0]},"t":49,"s":[0,0,100]},{"t":115,"s":[100,100,100]}],"ix":6,"l":2}},"ao":0,"ip":0,"op":780,"st":0,"bm":0},{"ddd":0,"ind":40,"ty":2,"nm":"Hoja","refId":"image_66","sr":1,"ks":{"o":{"a":0,"k":100,"ix":11},"r":{"a":0,"k":0,"ix":10},"p":{"a":0,"k":[87.25,258.439,0],"ix":2,"l":2},"a":{"a":0,"k":[25.727,38.92,0],"ix":1,"l":2},"s":{"a":1,"k":[{"i":{"x":[0.16,0.16,0.667],"y":[1,1,1]},"o":{"x":[0.333,0.333,0.333],"y":[0,0,0]},"t":49,"s":[0,0,100]},{"t":115,"s":[100,100,100]}],"ix":6,"l":2}},"ao":0,"ip":0,"op":780,"st":0,"bm":0},{"ddd":0,"ind":41,"ty":2,"nm":"Hoja","refId":"image_67","sr":1,"ks":{"o":{"a":0,"k":100,"ix":11},"r":{"a":0,"k":0,"ix":10},"p":{"a":0,"k":[76.085,270.003,0],"ix":2,"l":2},"a":{"a":0,"k":[67.819,17.247,0],"ix":1,"l":2},"s":{"a":1,"k":[{"i":{"x":[0.16,0.16,0.667],"y":[1,1,1]},"o":{"x":[0.333,0.333,0.333],"y":[0,0,0]},"t":62,"s":[0,0,100]},{"t":128,"s":[100,100,100]}],"ix":6,"l":2}},"ao":0,"ip":0,"op":780,"st":0,"bm":0},{"ddd":0,"ind":42,"ty":2,"nm":"Flor","refId":"image_68","sr":1,"ks":{"o":{"a":0,"k":100,"ix":11},"r":{"a":0,"k":0,"ix":10},"p":{"a":0,"k":[372.838,11.022,0],"ix":2,"l":2},"a":{"a":0,"k":[37.237,31.673,0],"ix":1,"l":2},"s":{"a":1,"k":[{"i":{"x":[0.16,0.16,0.667],"y":[1,1,1]},"o":{"x":[0.333,0.333,0.333],"y":[0,0,0]},"t":31,"s":[0,0,100]},{"t":97,"s":[100,100,100]}],"ix":6,"l":2}},"ao":0,"ip":0,"op":780,"st":0,"bm":0},{"ddd":0,"ind":43,"ty":2,"nm":"Hoja","refId":"image_69","sr":1,"ks":{"o":{"a":0,"k":100,"ix":11},"r":{"a":0,"k":0,"ix":10},"p":{"a":0,"k":[375.559,1.859,0],"ix":2,"l":2},"a":{"a":0,"k":[11.579,8.402,0],"ix":1,"l":2},"s":{"a":1,"k":[{"i":{"x":[0.16,0.16,0.667],"y":[1,1,1]},"o":{"x":[0.333,0.333,0.333],"y":[0,0,0]},"t":55,"s":[0,0,100]},{"t":121,"s":[100,100,100]}],"ix":6,"l":2}},"ao":0,"ip":0,"op":780,"st":0,"bm":0},{"ddd":0,"ind":44,"ty":2,"nm":"Hoja","refId":"image_70","sr":1,"ks":{"o":{"a":0,"k":100,"ix":11},"r":{"a":0,"k":0,"ix":10},"p":{"a":0,"k":[378.918,20.058,0],"ix":2,"l":2},"a":{"a":0,"k":[8.219,11.647,0],"ix":1,"l":2},"s":{"a":1,"k":[{"i":{"x":[0.16,0.16,0.667],"y":[1,1,1]},"o":{"x":[0.333,0.333,0.333],"y":[0,0,0]},"t":55,"s":[0,0,100]},{"t":121,"s":[100,100,100]}],"ix":6,"l":2}},"ao":0,"ip":0,"op":780,"st":0,"bm":0},{"ddd":0,"ind":45,"ty":2,"nm":"Flor","refId":"image_71","sr":1,"ks":{"o":{"a":0,"k":100,"ix":11},"r":{"a":0,"k":0,"ix":10},"p":{"a":0,"k":[392.578,25.969,0],"ix":2,"l":2},"a":{"a":0,"k":[31.837,22.193,0],"ix":1,"l":2},"s":{"a":1,"k":[{"i":{"x":[0.16,0.16,0.667],"y":[1,1,1]},"o":{"x":[0.333,0.333,0.333],"y":[0,0,0]},"t":0,"s":[0,0,100]},{"t":66,"s":[100,100,100]}],"ix":6,"l":2}},"ao":0,"ip":0,"op":780,"st":0,"bm":0},{"ddd":0,"ind":46,"ty":2,"nm":"Hoja","refId":"image_72","sr":1,"ks":{"o":{"a":0,"k":100,"ix":11},"r":{"a":0,"k":0,"ix":10},"p":{"a":0,"k":[400.851,11.08,0],"ix":2,"l":2},"a":{"a":0,"k":[16.005,20.539,0],"ix":1,"l":2},"s":{"a":1,"k":[{"i":{"x":[0.667,0.667,0.667],"y":[1,1,1]},"o":{"x":[0.333,0.333,0.333],"y":[0,0,0]},"t":23,"s":[0,0,100]},{"i":{"x":[0.16,0.16,0.667],"y":[1,1,1]},"o":{"x":[0.333,0.333,0.333],"y":[0,0,0]},"t":55,"s":[0,0,100]},{"i":{"x":[0.16,0.16,0.667],"y":[1,1,1]},"o":{"x":[0.167,0.167,0.167],"y":[0,0,0]},"t":89,"s":[100,100,100]},{"t":121,"s":[100,100,100]}],"ix":6,"l":2}},"ao":0,"ip":0,"op":780,"st":0,"bm":0},{"ddd":0,"ind":47,"ty":2,"nm":"Hoja","refId":"image_73","sr":1,"ks":{"o":{"a":0,"k":100,"ix":11},"r":{"a":0,"k":0,"ix":10},"p":{"a":0,"k":[410.093,38.422,0],"ix":2,"l":2},"a":{"a":0,"k":[16.627,17.807,0],"ix":1,"l":2},"s":{"a":1,"k":[{"i":{"x":[0.16,0.16,0.667],"y":[1,1,1]},"o":{"x":[0.333,0.333,0.333],"y":[0,0,0]},"t":61,"s":[0,0,100]},{"t":127,"s":[100,100,100]}],"ix":6,"l":2}},"ao":0,"ip":0,"op":780,"st":0,"bm":0}],"markers":[]}