{"v":"5.7.4","fr":60,"ip":0,"op":182,"w":800,"h":150,"nm":"Comp 1","ddd":0,"assets":[],"layers":[{"ddd":0,"ind":1,"ty":4,"nm":"Capa de formas 5","hd":true,"sr":1,"ks":{"o":{"a":0,"k":100,"ix":11},"r":{"a":0,"k":0,"ix":10},"p":{"a":0,"k":[400,113,0],"ix":2,"l":2},"a":{"a":0,"k":[-1.5,9.5,0],"ix":1,"l":2},"s":{"a":0,"k":[100,100,100],"ix":6,"l":2}},"ao":0,"ef":[{"ty":5,"nm":"Deformación con ondas","np":10,"mn":"ADBE Wave Warp","ix":1,"en":1,"ef":[{"ty":7,"nm":"Tipo de onda","mn":"ADBE Wave Warp-0001","ix":1,"v":{"a":0,"k":1,"ix":1}},{"ty":0,"nm":"Altura de onda","mn":"ADBE Wave Warp-0002","ix":2,"v":{"a":0,"k":9,"ix":2}},{"ty":0,"nm":"Anchura de onda","mn":"ADBE Wave Warp-0003","ix":3,"v":{"a":0,"k":71.8,"ix":3}},{"ty":0,"nm":"Dirección","mn":"ADBE Wave Warp-0004","ix":4,"v":{"a":0,"k":-90,"ix":4}},{"ty":7,"nm":"Velocidad de onda","mn":"ADBE Wave Warp-0005","ix":5,"v":{"a":0,"k":1,"ix":5}},{"ty":7,"nm":"Posicionamiento","mn":"ADBE Wave Warp-0006","ix":6,"v":{"a":0,"k":1,"ix":6}},{"ty":0,"nm":"Fase","mn":"ADBE Wave Warp-0007","ix":7,"v":{"a":0,"k":0,"ix":7}},{"ty":7,"nm":"Suavizado (calidad óptima)","mn":"ADBE Wave Warp-0008","ix":8,"v":{"a":0,"k":3,"ix":8}}]}],"shapes":[{"ty":"gr","it":[{"ind":0,"ty":"sh","ix":1,"ks":{"a":0,"k":{"i":[[0,0],[0,0],[0,0],[0,0]],"o":[[0,0],[0,0],[0,0],[0,0]],"v":[[386.5,-4.5],[386.5,4.5],[-386.5,4.5],[-386.5,-4.5]],"c":true},"ix":2},"nm":"Trazado 1","mn":"ADBE Vector Shape - Group","hd":false},{"ty":"st","c":{"a":0,"k":[1,1,1,1],"ix":3},"o":{"a":0,"k":100,"ix":4},"w":{"a":0,"k":17,"ix":5},"lc":2,"lj":1,"ml":4,"bm":0,"nm":"Trazo 1","mn":"ADBE Vector Graphic - Stroke","hd":true},{"ty":"fl","c":{"a":0,"k":[0.917647058824,0.694117647059,0.235294117647,1],"ix":4},"o":{"a":0,"k":100,"ix":5},"r":1,"bm":0,"nm":"Relleno 1","mn":"ADBE Vector Graphic - Fill","hd":false},{"ty":"tr","p":{"a":0,"k":[-1.5,9.5],"ix":2},"a":{"a":0,"k":[0,0],"ix":1},"s":{"a":0,"k":[100,100],"ix":3},"r":{"a":0,"k":0,"ix":6},"o":{"a":0,"k":100,"ix":7},"sk":{"a":0,"k":0,"ix":4},"sa":{"a":0,"k":0,"ix":5},"nm":"Transformar"}],"nm":"Rectángulo 2","np":3,"cix":2,"bm":0,"ix":1,"mn":"ADBE Vector Group","hd":false}],"ip":0,"op":720,"st":0,"bm":0},{"ddd":0,"ind":2,"ty":4,"nm":"Capa de formas 4","hd":true,"sr":1,"ks":{"o":{"a":0,"k":100,"ix":11},"r":{"a":0,"k":0,"ix":10},"p":{"a":0,"k":[400,72,0],"ix":2,"l":2},"a":{"a":0,"k":[-1.5,9.5,0],"ix":1,"l":2},"s":{"a":0,"k":[100,100,100],"ix":6,"l":2}},"ao":0,"ef":[{"ty":5,"nm":"Deformación con ondas","np":10,"mn":"ADBE Wave Warp","ix":1,"en":1,"ef":[{"ty":7,"nm":"Tipo de onda","mn":"ADBE Wave Warp-0001","ix":1,"v":{"a":0,"k":1,"ix":1}},{"ty":0,"nm":"Altura de onda","mn":"ADBE Wave Warp-0002","ix":2,"v":{"a":0,"k":9,"ix":2}},{"ty":0,"nm":"Anchura de onda","mn":"ADBE Wave Warp-0003","ix":3,"v":{"a":0,"k":71.8,"ix":3}},{"ty":0,"nm":"Dirección","mn":"ADBE Wave Warp-0004","ix":4,"v":{"a":0,"k":-90,"ix":4}},{"ty":7,"nm":"Velocidad de onda","mn":"ADBE Wave Warp-0005","ix":5,"v":{"a":0,"k":1,"ix":5}},{"ty":7,"nm":"Posicionamiento","mn":"ADBE Wave Warp-0006","ix":6,"v":{"a":0,"k":1,"ix":6}},{"ty":0,"nm":"Fase","mn":"ADBE Wave Warp-0007","ix":7,"v":{"a":0,"k":0,"ix":7}},{"ty":7,"nm":"Suavizado (calidad óptima)","mn":"ADBE Wave Warp-0008","ix":8,"v":{"a":0,"k":3,"ix":8}}]}],"shapes":[{"ty":"gr","it":[{"ind":0,"ty":"sh","ix":1,"ks":{"a":0,"k":{"i":[[0,0],[0,0],[0,0],[0,0]],"o":[[0,0],[0,0],[0,0],[0,0]],"v":[[386.5,-4.5],[386.5,4.5],[-386.5,4.5],[-386.5,-4.5]],"c":true},"ix":2},"nm":"Trazado 1","mn":"ADBE Vector Shape - Group","hd":false},{"ty":"st","c":{"a":0,"k":[1,1,1,1],"ix":3},"o":{"a":0,"k":100,"ix":4},"w":{"a":0,"k":17,"ix":5},"lc":2,"lj":1,"ml":4,"bm":0,"nm":"Trazo 1","mn":"ADBE Vector Graphic - Stroke","hd":true},{"ty":"fl","c":{"a":0,"k":[0.917647058824,0.694117647059,0.235294117647,1],"ix":4},"o":{"a":0,"k":100,"ix":5},"r":1,"bm":0,"nm":"Relleno 1","mn":"ADBE Vector Graphic - Fill","hd":false},{"ty":"tr","p":{"a":0,"k":[-1.5,9.5],"ix":2},"a":{"a":0,"k":[0,0],"ix":1},"s":{"a":0,"k":[100,100],"ix":3},"r":{"a":0,"k":0,"ix":6},"o":{"a":0,"k":100,"ix":7},"sk":{"a":0,"k":0,"ix":4},"sa":{"a":0,"k":0,"ix":5},"nm":"Transformar"}],"nm":"Rectángulo 2","np":3,"cix":2,"bm":0,"ix":1,"mn":"ADBE Vector Group","hd":false}],"ip":0,"op":720,"st":0,"bm":0},{"ddd":0,"ind":3,"ty":4,"nm":"Capa de formas 3","hd":true,"sr":1,"ks":{"o":{"a":0,"k":100,"ix":11},"r":{"a":0,"k":0,"ix":10},"p":{"a":0,"k":[400,31,0],"ix":2,"l":2},"a":{"a":0,"k":[-1.5,9.5,0],"ix":1,"l":2},"s":{"a":0,"k":[100,100,100],"ix":6,"l":2}},"ao":0,"ef":[{"ty":5,"nm":"Deformación con ondas","np":10,"mn":"ADBE Wave Warp","ix":1,"en":1,"ef":[{"ty":7,"nm":"Tipo de onda","mn":"ADBE Wave Warp-0001","ix":1,"v":{"a":0,"k":1,"ix":1}},{"ty":0,"nm":"Altura de onda","mn":"ADBE Wave Warp-0002","ix":2,"v":{"a":0,"k":9,"ix":2}},{"ty":0,"nm":"Anchura de onda","mn":"ADBE Wave Warp-0003","ix":3,"v":{"a":0,"k":71.8,"ix":3}},{"ty":0,"nm":"Dirección","mn":"ADBE Wave Warp-0004","ix":4,"v":{"a":0,"k":-90,"ix":4}},{"ty":7,"nm":"Velocidad de onda","mn":"ADBE Wave Warp-0005","ix":5,"v":{"a":0,"k":1,"ix":5}},{"ty":7,"nm":"Posicionamiento","mn":"ADBE Wave Warp-0006","ix":6,"v":{"a":0,"k":1,"ix":6}},{"ty":0,"nm":"Fase","mn":"ADBE Wave Warp-0007","ix":7,"v":{"a":0,"k":0,"ix":7}},{"ty":7,"nm":"Suavizado (calidad óptima)","mn":"ADBE Wave Warp-0008","ix":8,"v":{"a":0,"k":3,"ix":8}}]}],"shapes":[{"ty":"gr","it":[{"ind":0,"ty":"sh","ix":1,"ks":{"a":0,"k":{"i":[[0,0],[0,0],[0,0],[0,0]],"o":[[0,0],[0,0],[0,0],[0,0]],"v":[[386.5,-4.5],[386.5,4.5],[-386.5,4.5],[-386.5,-4.5]],"c":true},"ix":2},"nm":"Trazado 1","mn":"ADBE Vector Shape - Group","hd":false},{"ty":"st","c":{"a":0,"k":[1,1,1,1],"ix":3},"o":{"a":0,"k":100,"ix":4},"w":{"a":0,"k":17,"ix":5},"lc":2,"lj":1,"ml":4,"bm":0,"nm":"Trazo 1","mn":"ADBE Vector Graphic - Stroke","hd":true},{"ty":"fl","c":{"a":0,"k":[0.917647058824,0.694117647059,0.235294117647,1],"ix":4},"o":{"a":0,"k":100,"ix":5},"r":1,"bm":0,"nm":"Relleno 1","mn":"ADBE Vector Graphic - Fill","hd":false},{"ty":"tr","p":{"a":0,"k":[-1.5,9.5],"ix":2},"a":{"a":0,"k":[0,0],"ix":1},"s":{"a":0,"k":[100,100],"ix":3},"r":{"a":0,"k":0,"ix":6},"o":{"a":0,"k":100,"ix":7},"sk":{"a":0,"k":0,"ix":4},"sa":{"a":0,"k":0,"ix":5},"nm":"Transformar"}],"nm":"Rectángulo 2","np":3,"cix":2,"bm":0,"ix":1,"mn":"ADBE Vector Group","hd":false}],"ip":0,"op":720,"st":0,"bm":0},{"ddd":0,"ind":4,"ty":4,"nm":"Capa 1/Linea contornos","hd":true,"sr":1,"ks":{"o":{"a":0,"k":100,"ix":11},"r":{"a":0,"k":0,"ix":10},"p":{"a":0,"k":[400,75,0],"ix":2,"l":2},"a":{"a":0,"k":[524.5,11,0],"ix":1,"l":2},"s":{"a":0,"k":[73,73,100],"ix":6,"l":2}},"ao":0,"shapes":[{"ty":"gr","it":[{"ind":0,"ty":"sh","ix":1,"ks":{"a":0,"k":{"i":[[0,0],[0,0]],"o":[[0,0],[0,0]],"v":[[11,11],[1038,11]],"c":false},"ix":2},"nm":"Trazado 1","mn":"ADBE Vector Shape - Group","hd":false},{"ty":"st","c":{"a":0,"k":[0.917999985639,0.694000004787,0.234999997008,1],"ix":3},"o":{"a":0,"k":100,"ix":4},"w":{"a":0,"k":22,"ix":5},"lc":2,"lj":1,"ml":10,"bm":0,"nm":"Trazo 1","mn":"ADBE Vector Graphic - Stroke","hd":false},{"ty":"tr","p":{"a":0,"k":[0,0],"ix":2},"a":{"a":0,"k":[0,0],"ix":1},"s":{"a":0,"k":[100,100],"ix":3},"r":{"a":0,"k":0,"ix":6},"o":{"a":0,"k":100,"ix":7},"sk":{"a":0,"k":0,"ix":4},"sa":{"a":0,"k":0,"ix":5},"nm":"Transformar"}],"nm":"Grupo 1","np":2,"cix":2,"bm":0,"ix":1,"mn":"ADBE Vector Group","hd":false},{"ty":"zz","nm":"Zig zag 1","s":{"a":0,"k":10,"ix":1},"r":{"a":0,"k":16,"ix":2},"pt":{"a":0,"k":2,"ix":3},"ix":2,"mn":"ADBE Vector Filter - Zigzag","hd":false}],"ip":0,"op":720,"st":0,"bm":0},{"ddd":0,"ind":5,"ty":4,"nm":"Capa de formas 7","sr":1,"ks":{"o":{"a":0,"k":100,"ix":11},"r":{"a":0,"k":0,"ix":10},"p":{"a":0,"k":[42,77,0],"ix":2,"l":2},"a":{"a":0,"k":[-358,1.122,0],"ix":1,"l":2},"s":{"a":0,"k":[100,100,100],"ix":6,"l":2}},"ao":0,"shapes":[{"ty":"gr","it":[{"ind":0,"ty":"sh","ix":1,"ks":{"a":1,"k":[{"i":{"x":0.517,"y":1},"o":{"x":0.454,"y":0},"t":0,"s":[{"i":[[-12.464,-0.947],[-27.5,-2],[-26.5,2],[-21.523,0],[-17.524,0.398],[-21.5,-1],[-22,2],[-19.643,-0.802],[-19.5,1],[-15.488,-2.093],[-16.495,-0.402],[-16.534,-1.067],[-16,2],[-12,0],[-15.532,0],[-18.5,-1.5],[-19.5,0],[-28.5,-4]],"o":[[39.5,3],[27.966,2.034],[25.433,-1.919],[20,0],[22,-0.5],[16.053,0.747],[22,-2],[24.5,1],[19.5,-1],[18.5,2.5],[20.5,0.5],[15.5,1],[16.44,-2.055],[18.007,0],[18.5,0],[18.052,1.464],[21.095,0],[28.5,4]],"v":[[-385.5,7],[-330,-7],[-284.5,6.5],[-242.5,-8],[-200,7],[-151.5,-7.5],[-106.5,7.5],[-66.5,-7.5],[-21,7.5],[23,-7.5],[66,7],[111.5,-8],[155.5,7.5],[197,-7.5],[242,8],[288.5,-7.5],[331,7],[385,-7]],"c":false}]},{"i":{"x":0.667,"y":1},"o":{"x":0.333,"y":0},"t":63,"s":[{"i":[[-12.464,-0.947],[-26.75,0.372],[-26.573,0.379],[-21.523,0],[-17.528,-0.091],[-21.5,-1],[-23.5,-0.378],[-19.643,-0.802],[-19.5,1],[-15.488,-2.093],[-16.495,-0.402],[-16.534,-1.067],[-16,2],[-12,0],[-15.532,0],[-18.5,-1.5],[-19.5,0],[-28.5,-4]],"o":[[39.5,3],[28.037,-0.39],[26.5,-0.378],[20,0],[23.5,0.122],[16.053,0.747],[22.088,0.355],[24.5,1],[19.5,-1],[18.5,2.5],[20.5,0.5],[15.5,1],[16.44,-2.055],[18.007,0],[18.5,0],[18.052,1.464],[21.095,0],[28.5,4]],"v":[[-385,-10],[-329.5,8.5],[-285,-12],[-242,7.5],[-199.5,-10],[-151,8],[-106,-9.5],[-64,8],[-20.5,-9.5],[23.5,8],[68,-10],[112,7.5],[156,-9.5],[197.5,8],[242.5,-9],[289,8],[334.5,-10],[380.5,9]],"c":false}]},{"i":{"x":0.517,"y":1},"o":{"x":0.167,"y":0},"t":127,"s":[{"i":[[-12.464,-0.947],[-27.5,-2],[-26.5,2],[-21.523,0],[-17.524,0.398],[-21.5,-1],[-22,2],[-19.643,-0.802],[-19.5,1],[-15.488,-2.093],[-16.495,-0.402],[-16.534,-1.067],[-16,2],[-12,0],[-15.532,0],[-18.5,-1.5],[-19.5,0],[-28.5,-4]],"o":[[39.5,3],[27.966,2.034],[25.433,-1.919],[20,0],[22,-0.5],[16.053,0.747],[22,-2],[24.5,1],[19.5,-1],[18.5,2.5],[20.5,0.5],[15.5,1],[16.44,-2.055],[18.007,0],[18.5,0],[18.052,1.464],[21.095,0],[28.5,4]],"v":[[-385.5,7],[-330,-7],[-284.5,6.5],[-242.5,-8],[-200,7],[-151.5,-7.5],[-106.5,7.5],[-66.5,-7.5],[-21,7.5],[23,-7.5],[66,7],[111.5,-8],[155.5,7.5],[197,-7.5],[242,8],[288.5,-7.5],[331,7],[385,-7]],"c":false}]},{"i":{"x":0.667,"y":1},"o":{"x":0.333,"y":0},"t":180,"s":[{"i":[[-12.464,-0.947],[-26.75,0.372],[-26.573,0.379],[-21.523,0],[-17.528,-0.091],[-21.5,-1],[-23.5,-0.378],[-19.643,-0.802],[-19.5,1],[-15.488,-2.093],[-16.495,-0.402],[-16.534,-1.067],[-16,2],[-12,0],[-15.532,0],[-18.5,-1.5],[-19.5,0],[-28.5,-4]],"o":[[39.5,3],[28.037,-0.39],[26.5,-0.378],[20,0],[23.5,0.122],[16.053,0.747],[22.088,0.355],[24.5,1],[19.5,-1],[18.5,2.5],[20.5,0.5],[15.5,1],[16.44,-2.055],[18.007,0],[18.5,0],[18.052,1.464],[21.095,0],[28.5,4]],"v":[[-385,-10],[-329.5,8.5],[-285,-12],[-242,7.5],[-199.5,-10],[-151,8],[-106,-9.5],[-64,8],[-20.5,-9.5],[23.5,8],[68,-10],[112,7.5],[156,-9.5],[197.5,8],[242.5,-9],[289,8],[334.5,-10],[380.5,9]],"c":false}]},{"t":231,"s":[{"i":[[-12.464,-0.947],[-27.5,-2],[-26.5,2],[-21.523,0],[-17.524,0.398],[-21.5,-1],[-22,2],[-19.643,-0.802],[-19.5,1],[-15.488,-2.093],[-16.495,-0.402],[-16.534,-1.067],[-16,2],[-12,0],[-15.532,0],[-18.5,-1.5],[-19.5,0],[-28.5,-4]],"o":[[39.5,3],[27.966,2.034],[25.433,-1.919],[20,0],[22,-0.5],[16.053,0.747],[22,-2],[24.5,1],[19.5,-1],[18.5,2.5],[20.5,0.5],[15.5,1],[16.44,-2.055],[18.007,0],[18.5,0],[18.052,1.464],[21.095,0],[28.5,4]],"v":[[-385.5,7],[-330,-7],[-284.5,6.5],[-242.5,-8],[-200,7],[-151.5,-7.5],[-106.5,7.5],[-66.5,-7.5],[-21,7.5],[23,-7.5],[66,7],[111.5,-8],[155.5,7.5],[197,-7.5],[242,8],[288.5,-7.5],[331,7],[385,-7]],"c":false}]}],"ix":2},"nm":"Trazado 1","mn":"ADBE Vector Shape - Group","hd":false},{"ty":"st","c":{"a":0,"k":[0.917647058824,0.694117647059,0.235294117647,1],"ix":3},"o":{"a":0,"k":100,"ix":4},"w":{"a":0,"k":17,"ix":5},"lc":2,"lj":1,"ml":4,"bm":0,"nm":"Trazo 1","mn":"ADBE Vector Graphic - Stroke","hd":false},{"ty":"fl","c":{"a":0,"k":[1,0,0,1],"ix":4},"o":{"a":0,"k":100,"ix":5},"r":1,"bm":0,"nm":"Relleno 1","mn":"ADBE Vector Graphic - Fill","hd":true},{"ty":"tr","p":{"a":0,"k":[0,0],"ix":2},"a":{"a":0,"k":[0,0],"ix":1},"s":{"a":0,"k":[100,100],"ix":3},"r":{"a":0,"k":0,"ix":6},"o":{"a":0,"k":100,"ix":7},"sk":{"a":0,"k":0,"ix":4},"sa":{"a":0,"k":0,"ix":5},"nm":"Transformar"}],"nm":"Forma 1","np":3,"cix":2,"bm":0,"ix":1,"mn":"ADBE Vector Group","hd":false},{"ty":"tm","s":{"a":0,"k":0,"ix":1},"e":{"a":0,"k":100,"ix":2},"o":{"a":0,"k":0,"ix":3},"m":1,"ix":2,"nm":"Recortar trazados 1","mn":"ADBE Vector Filter - Trim","hd":false}],"ip":0,"op":720,"st":0,"bm":0},{"ddd":0,"ind":6,"ty":4,"nm":"Capa de formas 6","sr":1,"ks":{"o":{"a":0,"k":100,"ix":11},"r":{"a":0,"k":0,"ix":10},"p":{"a":0,"k":[400,31,0],"ix":2,"l":2},"a":{"a":0,"k":[-0.345,-0.063,0],"ix":1,"l":2},"s":{"a":0,"k":[100,100,100],"ix":6,"l":2}},"ao":0,"shapes":[{"ty":"gr","it":[{"ind":0,"ty":"sh","ix":1,"ks":{"a":1,"k":[{"i":{"x":0.517,"y":1},"o":{"x":0.454,"y":0},"t":0,"s":[{"i":[[-12.464,-0.947],[-27.5,-2],[-26.5,2],[-21.523,0],[-17.524,0.398],[-21.5,-1],[-22,2],[-19.643,-0.802],[-19.5,1],[-15.488,-2.093],[-16.495,-0.402],[-16.534,-1.067],[-16,2],[-12,0],[-15.532,0],[-18.5,-1.5],[-19.5,0],[-28.5,-4]],"o":[[39.5,3],[27.966,2.034],[25.433,-1.919],[20,0],[22,-0.5],[16.053,0.747],[22,-2],[24.5,1],[19.5,-1],[18.5,2.5],[20.5,0.5],[15.5,1],[16.44,-2.055],[18.007,0],[18.5,0],[18.052,1.464],[21.095,0],[28.5,4]],"v":[[-385.5,7],[-330,-7],[-284.5,6.5],[-242.5,-8],[-200,7],[-151.5,-7.5],[-106.5,7.5],[-66.5,-7.5],[-21,7.5],[23,-7.5],[66,7],[111.5,-8],[155.5,7.5],[197,-7.5],[242,8],[288.5,-7.5],[331,7],[385,-7]],"c":false}]},{"i":{"x":0.667,"y":1},"o":{"x":0.333,"y":0},"t":63,"s":[{"i":[[-12.464,-0.947],[-26.75,0.372],[-26.573,0.379],[-21.523,0],[-17.528,-0.091],[-21.5,-1],[-23.5,-0.378],[-19.643,-0.802],[-19.5,1],[-15.488,-2.093],[-16.495,-0.402],[-16.534,-1.067],[-16,2],[-12,0],[-15.532,0],[-18.5,-1.5],[-19.5,0],[-28.5,-4]],"o":[[39.5,3],[28.037,-0.39],[26.5,-0.378],[20,0],[23.5,0.122],[16.053,0.747],[22.088,0.355],[24.5,1],[19.5,-1],[18.5,2.5],[20.5,0.5],[15.5,1],[16.44,-2.055],[18.007,0],[18.5,0],[18.052,1.464],[21.095,0],[28.5,4]],"v":[[-385,-10],[-329.5,8.5],[-285,-12],[-242,7.5],[-199.5,-10],[-151,8],[-106,-9.5],[-64,8],[-20.5,-9.5],[23.5,8],[68,-10],[112,7.5],[156,-9.5],[197.5,8],[242.5,-9],[289,8],[334.5,-10],[380.5,9]],"c":false}]},{"i":{"x":0.517,"y":1},"o":{"x":0.167,"y":0},"t":127,"s":[{"i":[[-12.464,-0.947],[-27.5,-2],[-26.5,2],[-21.523,0],[-17.524,0.398],[-21.5,-1],[-22,2],[-19.643,-0.802],[-19.5,1],[-15.488,-2.093],[-16.495,-0.402],[-16.534,-1.067],[-16,2],[-12,0],[-15.532,0],[-18.5,-1.5],[-19.5,0],[-28.5,-4]],"o":[[39.5,3],[27.966,2.034],[25.433,-1.919],[20,0],[22,-0.5],[16.053,0.747],[22,-2],[24.5,1],[19.5,-1],[18.5,2.5],[20.5,0.5],[15.5,1],[16.44,-2.055],[18.007,0],[18.5,0],[18.052,1.464],[21.095,0],[28.5,4]],"v":[[-385.5,7],[-330,-7],[-284.5,6.5],[-242.5,-8],[-200,7],[-151.5,-7.5],[-106.5,7.5],[-66.5,-7.5],[-21,7.5],[23,-7.5],[66,7],[111.5,-8],[155.5,7.5],[197,-7.5],[242,8],[288.5,-7.5],[331,7],[385,-7]],"c":false}]},{"i":{"x":0.667,"y":1},"o":{"x":0.333,"y":0},"t":180,"s":[{"i":[[-12.464,-0.947],[-26.75,0.372],[-26.573,0.379],[-21.523,0],[-17.528,-0.091],[-21.5,-1],[-23.5,-0.378],[-19.643,-0.802],[-19.5,1],[-15.488,-2.093],[-16.495,-0.402],[-16.534,-1.067],[-16,2],[-12,0],[-15.532,0],[-18.5,-1.5],[-19.5,0],[-28.5,-4]],"o":[[39.5,3],[28.037,-0.39],[26.5,-0.378],[20,0],[23.5,0.122],[16.053,0.747],[22.088,0.355],[24.5,1],[19.5,-1],[18.5,2.5],[20.5,0.5],[15.5,1],[16.44,-2.055],[18.007,0],[18.5,0],[18.052,1.464],[21.095,0],[28.5,4]],"v":[[-385,-10],[-329.5,8.5],[-285,-12],[-242,7.5],[-199.5,-10],[-151,8],[-106,-9.5],[-64,8],[-20.5,-9.5],[23.5,8],[68,-10],[112,7.5],[156,-9.5],[197.5,8],[242.5,-9],[289,8],[334.5,-10],[380.5,9]],"c":false}]},{"t":231,"s":[{"i":[[-12.464,-0.947],[-27.5,-2],[-26.5,2],[-21.523,0],[-17.524,0.398],[-21.5,-1],[-22,2],[-19.643,-0.802],[-19.5,1],[-15.488,-2.093],[-16.495,-0.402],[-16.534,-1.067],[-16,2],[-12,0],[-15.532,0],[-18.5,-1.5],[-19.5,0],[-28.5,-4]],"o":[[39.5,3],[27.966,2.034],[25.433,-1.919],[20,0],[22,-0.5],[16.053,0.747],[22,-2],[24.5,1],[19.5,-1],[18.5,2.5],[20.5,0.5],[15.5,1],[16.44,-2.055],[18.007,0],[18.5,0],[18.052,1.464],[21.095,0],[28.5,4]],"v":[[-385.5,7],[-330,-7],[-284.5,6.5],[-242.5,-8],[-200,7],[-151.5,-7.5],[-106.5,7.5],[-66.5,-7.5],[-21,7.5],[23,-7.5],[66,7],[111.5,-8],[155.5,7.5],[197,-7.5],[242,8],[288.5,-7.5],[331,7],[385,-7]],"c":false}]}],"ix":2},"nm":"Trazado 1","mn":"ADBE Vector Shape - Group","hd":false},{"ty":"st","c":{"a":0,"k":[0.917647058824,0.694117647059,0.235294117647,1],"ix":3},"o":{"a":0,"k":100,"ix":4},"w":{"a":0,"k":17,"ix":5},"lc":2,"lj":1,"ml":4,"bm":0,"nm":"Trazo 1","mn":"ADBE Vector Graphic - Stroke","hd":false},{"ty":"fl","c":{"a":0,"k":[1,0,0,1],"ix":4},"o":{"a":0,"k":100,"ix":5},"r":1,"bm":0,"nm":"Relleno 1","mn":"ADBE Vector Graphic - Fill","hd":true},{"ty":"tr","p":{"a":0,"k":[0,0],"ix":2},"a":{"a":0,"k":[0,0],"ix":1},"s":{"a":0,"k":[100,100],"ix":3},"r":{"a":0,"k":0,"ix":6},"o":{"a":0,"k":100,"ix":7},"sk":{"a":0,"k":0,"ix":4},"sa":{"a":0,"k":0,"ix":5},"nm":"Transformar"}],"nm":"Forma 1","np":3,"cix":2,"bm":0,"ix":1,"mn":"ADBE Vector Group","hd":false},{"ty":"tm","s":{"a":0,"k":0,"ix":1},"e":{"a":0,"k":100,"ix":2},"o":{"a":0,"k":0,"ix":3},"m":1,"ix":2,"nm":"Recortar trazados 1","mn":"ADBE Vector Filter - Trim","hd":false}],"ip":0,"op":720,"st":0,"bm":0},{"ddd":0,"ind":7,"ty":4,"nm":"Capa de formas 2","sr":1,"ks":{"o":{"a":0,"k":100,"ix":11},"r":{"a":0,"k":0,"ix":10},"p":{"a":0,"k":[42,120,0],"ix":2,"l":2},"a":{"a":0,"k":[-358,1.122,0],"ix":1,"l":2},"s":{"a":0,"k":[100,100,100],"ix":6,"l":2}},"ao":0,"shapes":[{"ty":"gr","it":[{"ind":0,"ty":"sh","ix":1,"ks":{"a":1,"k":[{"i":{"x":0.517,"y":1},"o":{"x":0.454,"y":0},"t":0,"s":[{"i":[[-12.464,-0.947],[-27.5,-2],[-26.5,2],[-21.523,0],[-17.524,0.398],[-21.5,-1],[-22,2],[-19.643,-0.802],[-19.5,1],[-15.488,-2.093],[-16.495,-0.402],[-16.534,-1.067],[-16,2],[-12,0],[-15.532,0],[-18.5,-1.5],[-19.5,0],[-28.5,-4]],"o":[[39.5,3],[27.966,2.034],[25.433,-1.919],[20,0],[22,-0.5],[16.053,0.747],[22,-2],[24.5,1],[19.5,-1],[18.5,2.5],[20.5,0.5],[15.5,1],[16.44,-2.055],[18.007,0],[18.5,0],[18.052,1.464],[21.095,0],[28.5,4]],"v":[[-385.5,7],[-330,-7],[-284.5,6.5],[-242.5,-8],[-200,7],[-151.5,-7.5],[-106.5,7.5],[-66.5,-7.5],[-21,7.5],[23,-7.5],[66,7],[111.5,-8],[155.5,7.5],[197,-7.5],[242,8],[288.5,-7.5],[331,7],[385,-7]],"c":false}]},{"i":{"x":0.667,"y":1},"o":{"x":0.333,"y":0},"t":63,"s":[{"i":[[-12.464,-0.947],[-26.75,0.372],[-26.573,0.379],[-21.523,0],[-17.528,-0.091],[-21.5,-1],[-23.5,-0.378],[-19.643,-0.802],[-19.5,1],[-15.488,-2.093],[-16.495,-0.402],[-16.534,-1.067],[-16,2],[-12,0],[-15.532,0],[-18.5,-1.5],[-19.5,0],[-28.5,-4]],"o":[[39.5,3],[28.037,-0.39],[26.5,-0.378],[20,0],[23.5,0.122],[16.053,0.747],[22.088,0.355],[24.5,1],[19.5,-1],[18.5,2.5],[20.5,0.5],[15.5,1],[16.44,-2.055],[18.007,0],[18.5,0],[18.052,1.464],[21.095,0],[28.5,4]],"v":[[-385,-10],[-329.5,8.5],[-285,-12],[-242,7.5],[-199.5,-10],[-151,8],[-106,-9.5],[-64,8],[-20.5,-9.5],[23.5,8],[68,-10],[112,7.5],[156,-9.5],[197.5,8],[242.5,-9],[289,8],[334.5,-10],[380.5,9]],"c":false}]},{"i":{"x":0.517,"y":1},"o":{"x":0.167,"y":0},"t":127,"s":[{"i":[[-12.464,-0.947],[-27.5,-2],[-26.5,2],[-21.523,0],[-17.524,0.398],[-21.5,-1],[-22,2],[-19.643,-0.802],[-19.5,1],[-15.488,-2.093],[-16.495,-0.402],[-16.534,-1.067],[-16,2],[-12,0],[-15.532,0],[-18.5,-1.5],[-19.5,0],[-28.5,-4]],"o":[[39.5,3],[27.966,2.034],[25.433,-1.919],[20,0],[22,-0.5],[16.053,0.747],[22,-2],[24.5,1],[19.5,-1],[18.5,2.5],[20.5,0.5],[15.5,1],[16.44,-2.055],[18.007,0],[18.5,0],[18.052,1.464],[21.095,0],[28.5,4]],"v":[[-385.5,7],[-330,-7],[-284.5,6.5],[-242.5,-8],[-200,7],[-151.5,-7.5],[-106.5,7.5],[-66.5,-7.5],[-21,7.5],[23,-7.5],[66,7],[111.5,-8],[155.5,7.5],[197,-7.5],[242,8],[288.5,-7.5],[331,7],[385,-7]],"c":false}]},{"i":{"x":0.667,"y":1},"o":{"x":0.333,"y":0},"t":180,"s":[{"i":[[-12.464,-0.947],[-26.75,0.372],[-26.573,0.379],[-21.523,0],[-17.528,-0.091],[-21.5,-1],[-23.5,-0.378],[-19.643,-0.802],[-19.5,1],[-15.488,-2.093],[-16.495,-0.402],[-16.534,-1.067],[-16,2],[-12,0],[-15.532,0],[-18.5,-1.5],[-19.5,0],[-28.5,-4]],"o":[[39.5,3],[28.037,-0.39],[26.5,-0.378],[20,0],[23.5,0.122],[16.053,0.747],[22.088,0.355],[24.5,1],[19.5,-1],[18.5,2.5],[20.5,0.5],[15.5,1],[16.44,-2.055],[18.007,0],[18.5,0],[18.052,1.464],[21.095,0],[28.5,4]],"v":[[-385,-10],[-329.5,8.5],[-285,-12],[-242,7.5],[-199.5,-10],[-151,8],[-106,-9.5],[-64,8],[-20.5,-9.5],[23.5,8],[68,-10],[112,7.5],[156,-9.5],[197.5,8],[242.5,-9],[289,8],[334.5,-10],[380.5,9]],"c":false}]},{"t":231,"s":[{"i":[[-12.464,-0.947],[-27.5,-2],[-26.5,2],[-21.523,0],[-17.524,0.398],[-21.5,-1],[-22,2],[-19.643,-0.802],[-19.5,1],[-15.488,-2.093],[-16.495,-0.402],[-16.534,-1.067],[-16,2],[-12,0],[-15.532,0],[-18.5,-1.5],[-19.5,0],[-28.5,-4]],"o":[[39.5,3],[27.966,2.034],[25.433,-1.919],[20,0],[22,-0.5],[16.053,0.747],[22,-2],[24.5,1],[19.5,-1],[18.5,2.5],[20.5,0.5],[15.5,1],[16.44,-2.055],[18.007,0],[18.5,0],[18.052,1.464],[21.095,0],[28.5,4]],"v":[[-385.5,7],[-330,-7],[-284.5,6.5],[-242.5,-8],[-200,7],[-151.5,-7.5],[-106.5,7.5],[-66.5,-7.5],[-21,7.5],[23,-7.5],[66,7],[111.5,-8],[155.5,7.5],[197,-7.5],[242,8],[288.5,-7.5],[331,7],[385,-7]],"c":false}]}],"ix":2},"nm":"Trazado 1","mn":"ADBE Vector Shape - Group","hd":false},{"ty":"st","c":{"a":0,"k":[0.917647058824,0.694117647059,0.235294117647,1],"ix":3},"o":{"a":0,"k":100,"ix":4},"w":{"a":0,"k":17,"ix":5},"lc":2,"lj":1,"ml":4,"bm":0,"nm":"Trazo 1","mn":"ADBE Vector Graphic - Stroke","hd":false},{"ty":"fl","c":{"a":0,"k":[1,0,0,1],"ix":4},"o":{"a":0,"k":100,"ix":5},"r":1,"bm":0,"nm":"Relleno 1","mn":"ADBE Vector Graphic - Fill","hd":true},{"ty":"tr","p":{"a":0,"k":[0,0],"ix":2},"a":{"a":0,"k":[0,0],"ix":1},"s":{"a":0,"k":[100,100],"ix":3},"r":{"a":0,"k":0,"ix":6},"o":{"a":0,"k":100,"ix":7},"sk":{"a":0,"k":0,"ix":4},"sa":{"a":0,"k":0,"ix":5},"nm":"Transformar"}],"nm":"Forma 1","np":3,"cix":2,"bm":0,"ix":1,"mn":"ADBE Vector Group","hd":false},{"ty":"tm","s":{"a":0,"k":0,"ix":1},"e":{"a":0,"k":100,"ix":2},"o":{"a":0,"k":0,"ix":3},"m":1,"ix":2,"nm":"Recortar trazados 1","mn":"ADBE Vector Filter - Trim","hd":false}],"ip":0,"op":720,"st":0,"bm":0},{"ddd":0,"ind":8,"ty":4,"nm":"Capa de formas 1","hd":true,"sr":1,"ks":{"o":{"a":0,"k":100,"ix":11},"r":{"a":0,"k":0,"ix":10},"p":{"a":1,"k":[{"i":{"x":0.833,"y":0.833},"o":{"x":0.167,"y":0.167},"t":0,"s":[663,141,0],"to":[-54,0,0],"ti":[54,0,0]},{"t":181,"s":[339,141,0]}],"ix":2,"x":"var $bm_rt;\n$bm_rt = loopOut();","l":2},"a":{"a":0,"k":[0,0,0],"ix":1,"l":2},"s":{"a":0,"k":[162,162,100],"ix":6,"l":2}},"ao":0,"shapes":[{"ty":"gr","it":[{"ind":0,"ty":"sh","ix":1,"ks":{"a":0,"k":{"i":[[0,0],[0,0]],"o":[[0,0],[0,0]],"v":[[-396,-46],[396,-46]],"c":false},"ix":2},"nm":"Trazado 1","mn":"ADBE Vector Shape - Group","hd":false},{"ty":"st","c":{"a":0,"k":[0.917647058824,0.694117647059,0.235294117647,1],"ix":3},"o":{"a":0,"k":100,"ix":4},"w":{"a":0,"k":9,"ix":5},"lc":2,"lj":1,"ml":4,"bm":0,"nm":"Trazo 1","mn":"ADBE Vector Graphic - Stroke","hd":false},{"ty":"fl","c":{"a":0,"k":[0.949020026712,0.776471007104,0.423528992896,1],"ix":4},"o":{"a":0,"k":100,"ix":5},"r":1,"bm":0,"nm":"Relleno 1","mn":"ADBE Vector Graphic - Fill","hd":true},{"ty":"tr","p":{"a":0,"k":[0,0],"ix":2},"a":{"a":0,"k":[0,0],"ix":1},"s":{"a":0,"k":[100,100],"ix":3},"r":{"a":0,"k":0,"ix":6},"o":{"a":0,"k":100,"ix":7},"sk":{"a":0,"k":0,"ix":4},"sa":{"a":0,"k":0,"ix":5},"nm":"Transformar"}],"nm":"Forma 1","np":3,"cix":2,"bm":0,"ix":1,"mn":"ADBE Vector Group","hd":false},{"ty":"zz","nm":"Zig zag 1","s":{"a":0,"k":5,"ix":1},"r":{"a":0,"k":23,"ix":2},"pt":{"a":0,"k":2,"ix":3},"ix":2,"mn":"ADBE Vector Filter - Zigzag","hd":false},{"ty":"tm","s":{"a":0,"k":0,"ix":1},"e":{"a":0,"k":59,"ix":2},"o":{"a":1,"k":[{"i":{"x":[0.833],"y":[0.833]},"o":{"x":[0.167],"y":[0.167]},"t":0,"s":[0]},{"t":181,"s":[91]}],"ix":3,"x":"var $bm_rt;\n$bm_rt = loopOut();"},"m":1,"ix":3,"nm":"Recortar trazados 1","mn":"ADBE Vector Filter - Trim","hd":false}],"ip":0,"op":720,"st":0,"bm":0}],"markers":[]}