{"v":"5.7.4","fr":60,"ip":0,"op":569,"w":400,"h":400,"nm":"San Patricio","ddd":0,"assets":[{"id":"image_0","w":71,"h":30,"u":"images/","p":"img_0.png","e":0},{"id":"image_1","w":11,"h":17,"u":"images/","p":"img_1.png","e":0},{"id":"image_2","w":11,"h":17,"u":"images/","p":"img_2.png","e":0},{"id":"image_3","w":167,"h":226,"u":"images/","p":"img_3.png","e":0},{"id":"image_4","w":125,"h":133,"u":"images/","p":"img_4.png","e":0},{"id":"image_5","w":50,"h":101,"u":"images/","p":"img_5.png","e":0},{"id":"image_6","w":43,"h":82,"u":"images/","p":"img_6.png","e":0},{"id":"image_7","w":47,"h":118,"u":"images/","p":"img_7.png","e":0},{"id":"image_8","w":42,"h":74,"u":"images/","p":"img_8.png","e":0},{"id":"image_9","w":43,"h":67,"u":"images/","p":"img_9.png","e":0},{"id":"image_10","w":41,"h":108,"u":"images/","p":"img_10.png","e":0},{"id":"comp_0","layers":[{"ddd":0,"ind":1,"ty":2,"nm":"Cejas","parent":4,"refId":"image_0","sr":1,"ks":{"o":{"a":0,"k":100,"ix":11},"r":{"a":0,"k":0,"ix":10},"p":{"a":1,"k":[{"i":{"x":0,"y":1},"o":{"x":0.333,"y":0},"t":0,"s":[93.221,117.403,0],"to":[-0.167,-1.125,0],"ti":[0,0,0]},{"i":{"x":0,"y":1},"o":{"x":0.333,"y":0},"t":89,"s":[92.221,110.653,0],"to":[0,0,0],"ti":[-0.167,-1.125,0]},{"t":174,"s":[93.221,117.403,0]}],"ix":2,"l":2},"a":{"a":0,"k":[35.452,14.766,0],"ix":1,"l":2},"s":{"a":0,"k":[100,100,100],"ix":6,"l":2}},"ao":0,"ip":0,"op":2740,"st":0,"bm":0},{"ddd":0,"ind":2,"ty":2,"nm":"Ojo","parent":4,"refId":"image_1","sr":1,"ks":{"o":{"a":0,"k":100,"ix":11},"r":{"a":0,"k":0,"ix":10},"p":{"a":0,"k":[76.794,136.612,0],"ix":2,"l":2},"a":{"a":0,"k":[5.243,8.244,0],"ix":1,"l":2},"s":{"a":1,"k":[{"i":{"x":[0,0,0.667],"y":[1,1,1]},"o":{"x":[0.333,0.333,0.333],"y":[0,0,0]},"t":0,"s":[100,100,100]},{"i":{"x":[0,0,0.667],"y":[1,1,1]},"o":{"x":[0.333,0.333,0.333],"y":[0,0,0]},"t":11.639,"s":[100,0,100]},{"i":{"x":[0.667,0.667,0.667],"y":[1,1,1]},"o":{"x":[0.167,0.167,0.167],"y":[0,0,0]},"t":25,"s":[100,100,100]},{"i":{"x":[0,0,0.667],"y":[1,1,1]},"o":{"x":[0.333,0.333,0.333],"y":[0,0,0]},"t":60,"s":[100,100,100]},{"i":{"x":[0,0,0.667],"y":[1,1,1]},"o":{"x":[0.333,0.333,0.333],"y":[0,0,0]},"t":71.639,"s":[100,0,100]},{"i":{"x":[0.667,0.667,0.667],"y":[1,1,1]},"o":{"x":[0.167,0.167,0.167],"y":[0,0,0]},"t":85,"s":[100,100,100]},{"i":{"x":[0,0,0.667],"y":[1,1,1]},"o":{"x":[0.333,0.333,0.333],"y":[0,0,0]},"t":129,"s":[100,100,100]},{"i":{"x":[0,0,0.667],"y":[1,1,1]},"o":{"x":[0.333,0.333,0.333],"y":[0,0,0]},"t":140.639,"s":[100,0,100]},{"i":{"x":[0.667,0.667,0.667],"y":[1,1,1]},"o":{"x":[0.167,0.167,0.167],"y":[0,0,0]},"t":154,"s":[100,100,100]},{"i":{"x":[0,0,0.667],"y":[1,1,1]},"o":{"x":[0.333,0.333,0.333],"y":[0,0,0]},"t":194,"s":[100,100,100]},{"i":{"x":[0,0,0.667],"y":[1,1,1]},"o":{"x":[0.333,0.333,0.333],"y":[0,0,0]},"t":205.639,"s":[100,0,100]},{"i":{"x":[0.667,0.667,0.667],"y":[1,1,1]},"o":{"x":[0.167,0.167,0.167],"y":[0,0,0]},"t":219,"s":[100,100,100]},{"i":{"x":[0,0,0.667],"y":[1,1,1]},"o":{"x":[0.333,0.333,0.333],"y":[0,0,0]},"t":267,"s":[100,100,100]},{"i":{"x":[0,0,0.667],"y":[1,1,1]},"o":{"x":[0.333,0.333,0.333],"y":[0,0,0]},"t":278.639,"s":[100,0,100]},{"i":{"x":[0.667,0.667,0.667],"y":[1,1,1]},"o":{"x":[0.167,0.167,0.167],"y":[0,0,0]},"t":292,"s":[100,100,100]},{"i":{"x":[0,0,0.667],"y":[1,1,1]},"o":{"x":[0.333,0.333,0.333],"y":[0,0,0]},"t":349,"s":[100,100,100]},{"i":{"x":[0,0,0.667],"y":[1,1,1]},"o":{"x":[0.333,0.333,0.333],"y":[0,0,0]},"t":360.639,"s":[100,0,100]},{"i":{"x":[0.667,0.667,0.667],"y":[1,1,1]},"o":{"x":[0.167,0.167,0.167],"y":[0,0,0]},"t":374,"s":[100,100,100]},{"i":{"x":[0,0,0.667],"y":[1,1,1]},"o":{"x":[0.333,0.333,0.333],"y":[0,0,0]},"t":414,"s":[100,100,100]},{"i":{"x":[0,0,0.667],"y":[1,1,1]},"o":{"x":[0.333,0.333,0.333],"y":[0,0,0]},"t":425.639,"s":[100,0,100]},{"i":{"x":[0.667,0.667,0.667],"y":[1,1,1]},"o":{"x":[0.167,0.167,0.167],"y":[0,0,0]},"t":439,"s":[100,100,100]},{"i":{"x":[0,0,0.667],"y":[1,1,1]},"o":{"x":[0.333,0.333,0.333],"y":[0,0,0]},"t":491,"s":[100,100,100]},{"i":{"x":[0,0,0.667],"y":[1,1,1]},"o":{"x":[0.333,0.333,0.333],"y":[0,0,0]},"t":502.639,"s":[100,0,100]},{"t":516,"s":[100,100,100]}],"ix":6,"l":2}},"ao":0,"ip":0,"op":2740,"st":0,"bm":0},{"ddd":0,"ind":3,"ty":2,"nm":"Ojo","parent":4,"refId":"image_2","sr":1,"ks":{"o":{"a":0,"k":100,"ix":11},"r":{"a":0,"k":0,"ix":10},"p":{"a":0,"k":[112.48,130.687,0],"ix":2,"l":2},"a":{"a":0,"k":[5.243,8.244,0],"ix":1,"l":2},"s":{"a":1,"k":[{"i":{"x":[0,0,0.667],"y":[1,1,1]},"o":{"x":[0.333,0.333,0.333],"y":[0,0,0]},"t":0,"s":[100,100,100]},{"i":{"x":[0,0,0.667],"y":[1,1,1]},"o":{"x":[0.333,0.333,0.333],"y":[0,0,0]},"t":11.639,"s":[100,0,100]},{"i":{"x":[0.667,0.667,0.667],"y":[1,1,1]},"o":{"x":[0.167,0.167,0.167],"y":[0,0,0]},"t":25,"s":[100,100,100]},{"i":{"x":[0,0,0.667],"y":[1,1,1]},"o":{"x":[0.333,0.333,0.333],"y":[0,0,0]},"t":60,"s":[100,100,100]},{"i":{"x":[0,0,0.667],"y":[1,1,1]},"o":{"x":[0.333,0.333,0.333],"y":[0,0,0]},"t":71.639,"s":[100,0,100]},{"i":{"x":[0.667,0.667,0.667],"y":[1,1,1]},"o":{"x":[0.167,0.167,0.167],"y":[0,0,0]},"t":85,"s":[100,100,100]},{"i":{"x":[0,0,0.667],"y":[1,1,1]},"o":{"x":[0.333,0.333,0.333],"y":[0,0,0]},"t":129,"s":[100,100,100]},{"i":{"x":[0,0,0.667],"y":[1,1,1]},"o":{"x":[0.333,0.333,0.333],"y":[0,0,0]},"t":140.639,"s":[100,0,100]},{"i":{"x":[0.667,0.667,0.667],"y":[1,1,1]},"o":{"x":[0.167,0.167,0.167],"y":[0,0,0]},"t":154,"s":[100,100,100]},{"i":{"x":[0,0,0.667],"y":[1,1,1]},"o":{"x":[0.333,0.333,0.333],"y":[0,0,0]},"t":194,"s":[100,100,100]},{"i":{"x":[0,0,0.667],"y":[1,1,1]},"o":{"x":[0.333,0.333,0.333],"y":[0,0,0]},"t":205.639,"s":[100,0,100]},{"i":{"x":[0.667,0.667,0.667],"y":[1,1,1]},"o":{"x":[0.167,0.167,0.167],"y":[0,0,0]},"t":219,"s":[100,100,100]},{"i":{"x":[0,0,0.667],"y":[1,1,1]},"o":{"x":[0.333,0.333,0.333],"y":[0,0,0]},"t":267,"s":[100,100,100]},{"i":{"x":[0,0,0.667],"y":[1,1,1]},"o":{"x":[0.333,0.333,0.333],"y":[0,0,0]},"t":278.639,"s":[100,0,100]},{"i":{"x":[0.667,0.667,0.667],"y":[1,1,1]},"o":{"x":[0.167,0.167,0.167],"y":[0,0,0]},"t":292,"s":[100,100,100]},{"i":{"x":[0,0,0.667],"y":[1,1,1]},"o":{"x":[0.333,0.333,0.333],"y":[0,0,0]},"t":349,"s":[100,100,100]},{"i":{"x":[0,0,0.667],"y":[1,1,1]},"o":{"x":[0.333,0.333,0.333],"y":[0,0,0]},"t":360.639,"s":[100,0,100]},{"i":{"x":[0.667,0.667,0.667],"y":[1,1,1]},"o":{"x":[0.167,0.167,0.167],"y":[0,0,0]},"t":374,"s":[100,100,100]},{"i":{"x":[0,0,0.667],"y":[1,1,1]},"o":{"x":[0.333,0.333,0.333],"y":[0,0,0]},"t":414,"s":[100,100,100]},{"i":{"x":[0,0,0.667],"y":[1,1,1]},"o":{"x":[0.333,0.333,0.333],"y":[0,0,0]},"t":425.639,"s":[100,0,100]},{"i":{"x":[0.667,0.667,0.667],"y":[1,1,1]},"o":{"x":[0.167,0.167,0.167],"y":[0,0,0]},"t":439,"s":[100,100,100]},{"i":{"x":[0,0,0.667],"y":[1,1,1]},"o":{"x":[0.333,0.333,0.333],"y":[0,0,0]},"t":491,"s":[100,100,100]},{"i":{"x":[0,0,0.667],"y":[1,1,1]},"o":{"x":[0.333,0.333,0.333],"y":[0,0,0]},"t":502.639,"s":[100,0,100]},{"t":516,"s":[100,100,100]}],"ix":6,"l":2}},"ao":0,"ip":0,"op":2740,"st":0,"bm":0},{"ddd":0,"ind":4,"ty":2,"nm":"Cabeza","refId":"image_3","sr":1,"ks":{"o":{"a":0,"k":100,"ix":11},"r":{"a":0,"k":0,"ix":10},"p":{"a":0,"k":[175.573,166.667,0],"ix":2,"l":2},"a":{"a":0,"k":[83.152,112.686,0],"ix":1,"l":2},"s":{"a":0,"k":[100,100,100],"ix":6,"l":2}},"ao":0,"ip":0,"op":2740,"st":0,"bm":0},{"ddd":0,"ind":5,"ty":4,"nm":"Brazos contornos","sr":1,"ks":{"o":{"a":0,"k":100,"ix":11},"r":{"a":0,"k":0,"ix":10},"p":{"a":0,"k":[188.087,228.076,0],"ix":2,"l":2},"a":{"a":0,"k":[111.974,66.971,0],"ix":1,"l":2},"s":{"a":0,"k":[100,100,100],"ix":6,"l":2}},"ao":0,"shapes":[{"ty":"gr","it":[{"ind":0,"ty":"sh","ix":1,"ks":{"a":1,"k":[{"i":{"x":0.231,"y":1},"o":{"x":0.607,"y":0},"t":0,"s":[{"i":[[-1.628,-0.172],[0,0],[-0.172,1.628],[0,0],[1.628,0.171],[0,0],[0.171,-1.628],[0,0]],"o":[[0,0],[1.628,0.172],[0,0],[0.172,-1.627],[0,0],[-1.628,-0.171],[0,0],[-0.172,1.628]],"v":[[19.788,36.772],[20.447,36.841],[23.707,34.204],[24.544,26.268],[21.907,23.01],[21.247,22.94],[17.989,25.577],[17.151,33.513]],"c":true}]},{"i":{"x":0.248,"y":1},"o":{"x":0.596,"y":0},"t":72,"s":[{"i":[[-0.997,1.299],[0,0],[1.299,0.997],[0,0],[0.996,-1.299],[0,0],[-1.299,-0.996],[0,0]],"o":[[0,0],[0.997,-1.299],[0,0],[-1.298,-0.996],[0,0],[-0.996,1.299],[0,0],[1.299,0.997]],"v":[[5.316,4.496],[5.718,3.971],[5.171,-0.187],[-1.16,-5.045],[-5.316,-4.497],[-5.719,-3.971],[-5.172,0.186],[1.16,5.044]],"c":true}]},{"i":{"x":0.248,"y":1},"o":{"x":0.596,"y":0},"t":147,"s":[{"i":[[-1.628,-0.172],[0,0],[-0.172,1.628],[0,0],[1.628,0.171],[0,0],[0.171,-1.628],[0,0]],"o":[[0,0],[1.628,0.172],[0,0],[0.172,-1.627],[0,0],[-1.628,-0.171],[0,0],[-0.172,1.628]],"v":[[19.788,36.772],[20.447,36.841],[23.707,34.204],[24.544,26.268],[21.907,23.01],[21.247,22.94],[17.989,25.577],[17.151,33.513]],"c":true}]},{"i":{"x":0.219,"y":1},"o":{"x":0.615,"y":0},"t":222,"s":[{"i":[[-0.997,1.299],[0,0],[1.299,0.997],[0,0],[0.996,-1.299],[0,0],[-1.299,-0.996],[0,0]],"o":[[0,0],[0.997,-1.299],[0,0],[-1.298,-0.996],[0,0],[-0.996,1.299],[0,0],[1.299,0.997]],"v":[[5.316,4.496],[5.718,3.971],[5.171,-0.187],[-1.16,-5.045],[-5.316,-4.497],[-5.719,-3.971],[-5.172,0.186],[1.16,5.044]],"c":true}]},{"i":{"x":0.107,"y":1},"o":{"x":0.685,"y":0},"t":292,"s":[{"i":[[-1.628,-0.172],[0,0],[-0.172,1.628],[0,0],[1.628,0.171],[0,0],[0.171,-1.628],[0,0]],"o":[[0,0],[1.628,0.172],[0,0],[0.172,-1.627],[0,0],[-1.628,-0.171],[0,0],[-0.172,1.628]],"v":[[19.788,36.772],[20.447,36.841],[23.707,34.204],[24.544,26.268],[21.907,23.01],[21.247,22.94],[17.989,25.577],[17.151,33.513]],"c":true}]},{"i":{"x":0.248,"y":1},"o":{"x":0.596,"y":0},"t":348,"s":[{"i":[[-0.997,1.299],[0,0],[1.299,0.997],[0,0],[0.996,-1.299],[0,0],[-1.299,-0.996],[0,0]],"o":[[0,0],[0.997,-1.299],[0,0],[-1.298,-0.996],[0,0],[-0.996,1.299],[0,0],[1.299,0.997]],"v":[[5.316,4.496],[5.718,3.971],[5.171,-0.187],[-1.16,-5.045],[-5.316,-4.497],[-5.719,-3.971],[-5.172,0.186],[1.16,5.044]],"c":true}]},{"i":{"x":0.248,"y":1},"o":{"x":0.596,"y":0},"t":423,"s":[{"i":[[-1.628,-0.172],[0,0],[-0.172,1.628],[0,0],[1.628,0.171],[0,0],[0.171,-1.628],[0,0]],"o":[[0,0],[1.628,0.172],[0,0],[0.172,-1.627],[0,0],[-1.628,-0.171],[0,0],[-0.172,1.628]],"v":[[19.788,36.772],[20.447,36.841],[23.707,34.204],[24.544,26.268],[21.907,23.01],[21.247,22.94],[17.989,25.577],[17.151,33.513]],"c":true}]},{"i":{"x":0.219,"y":1},"o":{"x":0.615,"y":0},"t":498,"s":[{"i":[[-0.997,1.299],[0,0],[1.299,0.997],[0,0],[0.996,-1.299],[0,0],[-1.299,-0.996],[0,0]],"o":[[0,0],[0.997,-1.299],[0,0],[-1.298,-0.996],[0,0],[-0.996,1.299],[0,0],[1.299,0.997]],"v":[[5.316,4.496],[5.718,3.971],[5.171,-0.187],[-1.16,-5.045],[-5.316,-4.497],[-5.719,-3.971],[-5.172,0.186],[1.16,5.044]],"c":true}]},{"t":568,"s":[{"i":[[-1.628,-0.172],[0,0],[-0.172,1.628],[0,0],[1.628,0.171],[0,0],[0.171,-1.628],[0,0]],"o":[[0,0],[1.628,0.172],[0,0],[0.172,-1.627],[0,0],[-1.628,-0.171],[0,0],[-0.172,1.628]],"v":[[19.788,36.772],[20.447,36.841],[23.707,34.204],[24.544,26.268],[21.907,23.01],[21.247,22.94],[17.989,25.577],[17.151,33.513]],"c":true}]}],"ix":2},"nm":"Trazado 1","mn":"ADBE Vector Shape - Group","hd":false},{"ty":"fl","c":{"a":0,"k":[0.859000052658,0.702000038297,0.592000026329,1],"ix":4},"o":{"a":0,"k":100,"ix":5},"r":1,"bm":0,"nm":"Relleno 1","mn":"ADBE Vector Graphic - Fill","hd":false},{"ty":"tr","p":{"a":0,"k":[204.058,15.747],"ix":2},"a":{"a":0,"k":[0,0],"ix":1},"s":{"a":0,"k":[100,100],"ix":3},"r":{"a":0,"k":0,"ix":6},"o":{"a":0,"k":100,"ix":7},"sk":{"a":0,"k":0,"ix":4},"sa":{"a":0,"k":0,"ix":5},"nm":"Transformar"}],"nm":"Grupo 1","np":2,"cix":2,"bm":0,"ix":1,"mn":"ADBE Vector Group","hd":false},{"ty":"gr","it":[{"ind":0,"ty":"sh","ix":1,"ks":{"a":1,"k":[{"i":{"x":0.231,"y":1},"o":{"x":0.607,"y":0},"t":0,"s":[{"i":[[-0.566,-1.63],[0,0],[-1.63,0.566],[0,0],[1.85,5.326],[0,0],[1.63,-0.566],[0,0]],"o":[[0,0],[0.566,1.63],[0,0],[5.327,-1.85],[0,0],[-0.566,-1.629],[0,0],[-1.629,0.566]],"v":[[7.337,38.095],[11.017,48.687],[14.994,50.613],[22.82,47.893],[29.115,34.9],[27.759,31],[23.783,29.074],[9.263,34.118]],"c":true}]},{"i":{"x":0.248,"y":1},"o":{"x":0.596,"y":0},"t":72,"s":[{"i":[[-1.686,-0.368],[0,0],[-0.368,1.686],[0,0],[5.508,1.203],[0,0],[0.368,-1.686],[0,0]],"o":[[0,0],[1.686,0.368],[0,0],[1.204,-5.509],[0,0],[-1.685,-0.368],[0,0],[-0.368,1.685]],"v":[[-7.445,9.365],[3.51,11.757],[7.229,9.371],[8.995,1.276],[1.201,-10.877],[-2.833,-11.757],[-6.551,-9.371],[-9.831,5.646]],"c":true}]},{"i":{"x":0.248,"y":1},"o":{"x":0.596,"y":0},"t":147,"s":[{"i":[[-0.566,-1.63],[0,0],[-1.63,0.566],[0,0],[1.85,5.326],[0,0],[1.63,-0.566],[0,0]],"o":[[0,0],[0.566,1.63],[0,0],[5.327,-1.85],[0,0],[-0.566,-1.629],[0,0],[-1.629,0.566]],"v":[[7.337,38.095],[11.017,48.687],[14.994,50.613],[22.82,47.893],[29.115,34.9],[27.759,31],[23.783,29.074],[9.263,34.118]],"c":true}]},{"i":{"x":0.219,"y":1},"o":{"x":0.615,"y":0},"t":222,"s":[{"i":[[-1.686,-0.368],[0,0],[-0.368,1.686],[0,0],[5.508,1.203],[0,0],[0.368,-1.686],[0,0]],"o":[[0,0],[1.686,0.368],[0,0],[1.204,-5.509],[0,0],[-1.685,-0.368],[0,0],[-0.368,1.685]],"v":[[-7.445,9.365],[3.51,11.757],[7.229,9.371],[8.995,1.276],[1.201,-10.877],[-2.833,-11.757],[-6.551,-9.371],[-9.831,5.646]],"c":true}]},{"i":{"x":0.107,"y":1},"o":{"x":0.685,"y":0},"t":292,"s":[{"i":[[-0.566,-1.63],[0,0],[-1.63,0.566],[0,0],[1.85,5.326],[0,0],[1.63,-0.566],[0,0]],"o":[[0,0],[0.566,1.63],[0,0],[5.327,-1.85],[0,0],[-0.566,-1.629],[0,0],[-1.629,0.566]],"v":[[7.337,38.095],[11.017,48.687],[14.994,50.613],[22.82,47.893],[29.115,34.9],[27.759,31],[23.783,29.074],[9.263,34.118]],"c":true}]},{"i":{"x":0.248,"y":1},"o":{"x":0.596,"y":0},"t":348,"s":[{"i":[[-1.686,-0.368],[0,0],[-0.368,1.686],[0,0],[5.508,1.203],[0,0],[0.368,-1.686],[0,0]],"o":[[0,0],[1.686,0.368],[0,0],[1.204,-5.509],[0,0],[-1.685,-0.368],[0,0],[-0.368,1.685]],"v":[[-7.445,9.365],[3.51,11.757],[7.229,9.371],[8.995,1.276],[1.201,-10.877],[-2.833,-11.757],[-6.551,-9.371],[-9.831,5.646]],"c":true}]},{"i":{"x":0.248,"y":1},"o":{"x":0.596,"y":0},"t":423,"s":[{"i":[[-0.566,-1.63],[0,0],[-1.63,0.566],[0,0],[1.85,5.326],[0,0],[1.63,-0.566],[0,0]],"o":[[0,0],[0.566,1.63],[0,0],[5.327,-1.85],[0,0],[-0.566,-1.629],[0,0],[-1.629,0.566]],"v":[[7.337,38.095],[11.017,48.687],[14.994,50.613],[22.82,47.893],[29.115,34.9],[27.759,31],[23.783,29.074],[9.263,34.118]],"c":true}]},{"i":{"x":0.219,"y":1},"o":{"x":0.615,"y":0},"t":498,"s":[{"i":[[-1.686,-0.368],[0,0],[-0.368,1.686],[0,0],[5.508,1.203],[0,0],[0.368,-1.686],[0,0]],"o":[[0,0],[1.686,0.368],[0,0],[1.204,-5.509],[0,0],[-1.685,-0.368],[0,0],[-0.368,1.685]],"v":[[-7.445,9.365],[3.51,11.757],[7.229,9.371],[8.995,1.276],[1.201,-10.877],[-2.833,-11.757],[-6.551,-9.371],[-9.831,5.646]],"c":true}]},{"t":568,"s":[{"i":[[-0.566,-1.63],[0,0],[-1.63,0.566],[0,0],[1.85,5.326],[0,0],[1.63,-0.566],[0,0]],"o":[[0,0],[0.566,1.63],[0,0],[5.327,-1.85],[0,0],[-0.566,-1.629],[0,0],[-1.629,0.566]],"v":[[7.337,38.095],[11.017,48.687],[14.994,50.613],[22.82,47.893],[29.115,34.9],[27.759,31],[23.783,29.074],[9.263,34.118]],"c":true}]}],"ix":2},"nm":"Trazado 1","mn":"ADBE Vector Shape - Group","hd":false},{"ty":"fl","c":{"a":0,"k":[0.859000052658,0.702000038297,0.592000026329,1],"ix":4},"o":{"a":0,"k":100,"ix":5},"r":1,"bm":0,"nm":"Relleno 1","mn":"ADBE Vector Graphic - Fill","hd":false},{"ty":"tr","p":{"a":0,"k":[213.499,12.375],"ix":2},"a":{"a":0,"k":[0,0],"ix":1},"s":{"a":0,"k":[100,100],"ix":3},"r":{"a":0,"k":0,"ix":6},"o":{"a":0,"k":100,"ix":7},"sk":{"a":0,"k":0,"ix":4},"sa":{"a":0,"k":0,"ix":5},"nm":"Transformar"}],"nm":"Grupo 2","np":2,"cix":2,"bm":0,"ix":2,"mn":"ADBE Vector Group","hd":false},{"ty":"gr","it":[{"ind":0,"ty":"sh","ix":1,"ks":{"a":1,"k":[{"i":{"x":0.231,"y":1},"o":{"x":0.607,"y":0},"t":0,"s":[{"i":[[1.572,-0.687],[0,0],[0.688,1.573],[0,0],[-1.573,0.687],[0,0],[-0.689,-1.573],[0,0]],"o":[[0,0],[-1.573,0.687],[0,0],[-0.688,-1.572],[0,0],[1.573,-0.687],[0,0],[0.687,1.572]],"v":[[-16.435,41.11],[-17.072,41.39],[-21.164,39.786],[-24.514,32.122],[-22.912,28.031],[-22.276,27.751],[-18.182,29.354],[-14.832,37.018]],"c":true}]},{"i":{"x":0.248,"y":1},"o":{"x":0.596,"y":0},"t":72,"s":[{"i":[[1.645,0.489],[0,0],[-0.489,1.646],[0,0],[-1.645,-0.49],[0,0],[0.488,-1.646],[0,0]],"o":[[0,0],[-1.645,-0.49],[0,0],[0.488,-1.645],[0,0],[1.645,0.49],[0,0],[-0.489,1.645]],"v":[[-1.743,7.087],[-2.41,6.89],[-4.503,3.025],[-2.12,-4.993],[1.743,-7.086],[2.41,-6.889],[4.504,-3.024],[2.121,4.994]],"c":true}]},{"i":{"x":0.248,"y":1},"o":{"x":0.596,"y":0},"t":147,"s":[{"i":[[1.572,-0.687],[0,0],[0.688,1.573],[0,0],[-1.573,0.687],[0,0],[-0.689,-1.573],[0,0]],"o":[[0,0],[-1.573,0.687],[0,0],[-0.688,-1.572],[0,0],[1.573,-0.687],[0,0],[0.687,1.572]],"v":[[-16.435,41.11],[-17.072,41.39],[-21.164,39.786],[-24.514,32.122],[-22.912,28.031],[-22.276,27.751],[-18.182,29.354],[-14.832,37.018]],"c":true}]},{"i":{"x":0.219,"y":1},"o":{"x":0.615,"y":0},"t":222,"s":[{"i":[[1.645,0.489],[0,0],[-0.489,1.646],[0,0],[-1.645,-0.49],[0,0],[0.488,-1.646],[0,0]],"o":[[0,0],[-1.645,-0.49],[0,0],[0.488,-1.645],[0,0],[1.645,0.49],[0,0],[-0.489,1.645]],"v":[[-1.743,7.087],[-2.41,6.89],[-4.503,3.025],[-2.12,-4.993],[1.743,-7.086],[2.41,-6.889],[4.504,-3.024],[2.121,4.994]],"c":true}]},{"i":{"x":0.107,"y":1},"o":{"x":0.685,"y":0},"t":292,"s":[{"i":[[1.572,-0.687],[0,0],[0.688,1.573],[0,0],[-1.573,0.687],[0,0],[-0.689,-1.573],[0,0]],"o":[[0,0],[-1.573,0.687],[0,0],[-0.688,-1.572],[0,0],[1.573,-0.687],[0,0],[0.687,1.572]],"v":[[-16.435,41.11],[-17.072,41.39],[-21.164,39.786],[-24.514,32.122],[-22.912,28.031],[-22.276,27.751],[-18.182,29.354],[-14.832,37.018]],"c":true}]},{"i":{"x":0.248,"y":1},"o":{"x":0.596,"y":0},"t":348,"s":[{"i":[[1.645,0.489],[0,0],[-0.489,1.646],[0,0],[-1.645,-0.49],[0,0],[0.488,-1.646],[0,0]],"o":[[0,0],[-1.645,-0.49],[0,0],[0.488,-1.645],[0,0],[1.645,0.49],[0,0],[-0.489,1.645]],"v":[[-1.743,7.087],[-2.41,6.89],[-4.503,3.025],[-2.12,-4.993],[1.743,-7.086],[2.41,-6.889],[4.504,-3.024],[2.121,4.994]],"c":true}]},{"i":{"x":0.248,"y":1},"o":{"x":0.596,"y":0},"t":423,"s":[{"i":[[1.572,-0.687],[0,0],[0.688,1.573],[0,0],[-1.573,0.687],[0,0],[-0.689,-1.573],[0,0]],"o":[[0,0],[-1.573,0.687],[0,0],[-0.688,-1.572],[0,0],[1.573,-0.687],[0,0],[0.687,1.572]],"v":[[-16.435,41.11],[-17.072,41.39],[-21.164,39.786],[-24.514,32.122],[-22.912,28.031],[-22.276,27.751],[-18.182,29.354],[-14.832,37.018]],"c":true}]},{"i":{"x":0.219,"y":1},"o":{"x":0.615,"y":0},"t":498,"s":[{"i":[[1.645,0.489],[0,0],[-0.489,1.646],[0,0],[-1.645,-0.49],[0,0],[0.488,-1.646],[0,0]],"o":[[0,0],[-1.645,-0.49],[0,0],[0.488,-1.645],[0,0],[1.645,0.49],[0,0],[-0.489,1.645]],"v":[[-1.743,7.087],[-2.41,6.89],[-4.503,3.025],[-2.12,-4.993],[1.743,-7.086],[2.41,-6.889],[4.504,-3.024],[2.121,4.994]],"c":true}]},{"t":568,"s":[{"i":[[1.572,-0.687],[0,0],[0.688,1.573],[0,0],[-1.573,0.687],[0,0],[-0.689,-1.573],[0,0]],"o":[[0,0],[-1.573,0.687],[0,0],[-0.688,-1.572],[0,0],[1.573,-0.687],[0,0],[0.687,1.572]],"v":[[-16.435,41.11],[-17.072,41.39],[-21.164,39.786],[-24.514,32.122],[-22.912,28.031],[-22.276,27.751],[-18.182,29.354],[-14.832,37.018]],"c":true}]}],"ix":2},"nm":"Trazado 1","mn":"ADBE Vector Shape - Group","hd":false},{"ty":"fl","c":{"a":0,"k":[0.859000052658,0.702000038297,0.592000026329,1],"ix":4},"o":{"a":0,"k":100,"ix":5},"r":1,"bm":0,"nm":"Relleno 1","mn":"ADBE Vector Graphic - Fill","hd":false},{"ty":"tr","p":{"a":0,"k":[21.984,45.467],"ix":2},"a":{"a":0,"k":[0,0],"ix":1},"s":{"a":0,"k":[100,100],"ix":3},"r":{"a":0,"k":0,"ix":6},"o":{"a":0,"k":100,"ix":7},"sk":{"a":0,"k":0,"ix":4},"sa":{"a":0,"k":0,"ix":5},"nm":"Transformar"}],"nm":"Grupo 3","np":2,"cix":2,"bm":0,"ix":3,"mn":"ADBE Vector Group","hd":false},{"ty":"gr","it":[{"ind":0,"ty":"sh","ix":1,"ks":{"a":1,"k":[{"i":{"x":0.231,"y":1},"o":{"x":0.607,"y":0},"t":0,"s":[{"i":[[0.049,-1.809],[0,0],[1.808,0.049],[0,0],[-0.162,5.909],[0,0],[-1.808,-0.049],[0,0]],"o":[[0,0],[-0.049,1.808],[0,0],[-5.909,-0.162],[0,0],[0.05,-1.809],[0,0],[1.808,0.049]],"v":[[-4.809,34.952],[-5.131,46.701],[-8.494,49.886],[-17.176,49.649],[-27.582,38.658],[-27.464,34.333],[-24.1,31.147],[-7.994,31.588]],"c":true}]},{"i":{"x":0.248,"y":1},"o":{"x":0.596,"y":0},"t":72,"s":[{"i":[[1.204,-1.351],[0,0],[1.35,1.204],[0,0],[-3.935,4.411],[0,0],[-1.35,-1.204],[0,0]],"o":[[0,0],[-1.204,1.35],[0,0],[-4.411,-3.935],[0,0],[1.205,-1.35],[0,0],[1.35,1.204]],"v":[[11.262,3.157],[3.438,11.928],[-1.186,12.193],[-7.668,6.412],[-8.531,-8.699],[-5.651,-11.928],[-1.026,-12.193],[10.998,-1.468]],"c":true}]},{"i":{"x":0.248,"y":1},"o":{"x":0.596,"y":0},"t":147,"s":[{"i":[[0.049,-1.809],[0,0],[1.808,0.049],[0,0],[-0.162,5.909],[0,0],[-1.808,-0.049],[0,0]],"o":[[0,0],[-0.049,1.808],[0,0],[-5.909,-0.162],[0,0],[0.05,-1.809],[0,0],[1.808,0.049]],"v":[[-4.809,34.952],[-5.131,46.701],[-8.494,49.886],[-17.176,49.649],[-27.582,38.658],[-27.464,34.333],[-24.1,31.147],[-7.994,31.588]],"c":true}]},{"i":{"x":0.219,"y":1},"o":{"x":0.615,"y":0},"t":222,"s":[{"i":[[1.204,-1.351],[0,0],[1.35,1.204],[0,0],[-3.935,4.411],[0,0],[-1.35,-1.204],[0,0]],"o":[[0,0],[-1.204,1.35],[0,0],[-4.411,-3.935],[0,0],[1.205,-1.35],[0,0],[1.35,1.204]],"v":[[11.262,3.157],[3.438,11.928],[-1.186,12.193],[-7.668,6.412],[-8.531,-8.699],[-5.651,-11.928],[-1.026,-12.193],[10.998,-1.468]],"c":true}]},{"i":{"x":0.107,"y":1},"o":{"x":0.685,"y":0},"t":292,"s":[{"i":[[0.049,-1.809],[0,0],[1.808,0.049],[0,0],[-0.162,5.909],[0,0],[-1.808,-0.049],[0,0]],"o":[[0,0],[-0.049,1.808],[0,0],[-5.909,-0.162],[0,0],[0.05,-1.809],[0,0],[1.808,0.049]],"v":[[-4.809,34.952],[-5.131,46.701],[-8.494,49.886],[-17.176,49.649],[-27.582,38.658],[-27.464,34.333],[-24.1,31.147],[-7.994,31.588]],"c":true}]},{"i":{"x":0.248,"y":1},"o":{"x":0.596,"y":0},"t":348,"s":[{"i":[[1.204,-1.351],[0,0],[1.35,1.204],[0,0],[-3.935,4.411],[0,0],[-1.35,-1.204],[0,0]],"o":[[0,0],[-1.204,1.35],[0,0],[-4.411,-3.935],[0,0],[1.205,-1.35],[0,0],[1.35,1.204]],"v":[[11.262,3.157],[3.438,11.928],[-1.186,12.193],[-7.668,6.412],[-8.531,-8.699],[-5.651,-11.928],[-1.026,-12.193],[10.998,-1.468]],"c":true}]},{"i":{"x":0.248,"y":1},"o":{"x":0.596,"y":0},"t":423,"s":[{"i":[[0.049,-1.809],[0,0],[1.808,0.049],[0,0],[-0.162,5.909],[0,0],[-1.808,-0.049],[0,0]],"o":[[0,0],[-0.049,1.808],[0,0],[-5.909,-0.162],[0,0],[0.05,-1.809],[0,0],[1.808,0.049]],"v":[[-4.809,34.952],[-5.131,46.701],[-8.494,49.886],[-17.176,49.649],[-27.582,38.658],[-27.464,34.333],[-24.1,31.147],[-7.994,31.588]],"c":true}]},{"i":{"x":0.219,"y":1},"o":{"x":0.615,"y":0},"t":498,"s":[{"i":[[1.204,-1.351],[0,0],[1.35,1.204],[0,0],[-3.935,4.411],[0,0],[-1.35,-1.204],[0,0]],"o":[[0,0],[-1.204,1.35],[0,0],[-4.411,-3.935],[0,0],[1.205,-1.35],[0,0],[1.35,1.204]],"v":[[11.262,3.157],[3.438,11.928],[-1.186,12.193],[-7.668,6.412],[-8.531,-8.699],[-5.651,-11.928],[-1.026,-12.193],[10.998,-1.468]],"c":true}]},{"t":568,"s":[{"i":[[0.049,-1.809],[0,0],[1.808,0.049],[0,0],[-0.162,5.909],[0,0],[-1.808,-0.049],[0,0]],"o":[[0,0],[-0.049,1.808],[0,0],[-5.909,-0.162],[0,0],[0.05,-1.809],[0,0],[1.808,0.049]],"v":[[-4.809,34.952],[-5.131,46.701],[-8.494,49.886],[-17.176,49.649],[-27.582,38.658],[-27.464,34.333],[-24.1,31.147],[-7.994,31.588]],"c":true}]}],"ix":2},"nm":"Trazado 1","mn":"ADBE Vector Shape - Group","hd":false},{"ty":"fl","c":{"a":0,"k":[0.859000052658,0.702000038297,0.592000026329,1],"ix":4},"o":{"a":0,"k":100,"ix":5},"r":1,"bm":0,"nm":"Relleno 1","mn":"ADBE Vector Graphic - Fill","hd":false},{"ty":"tr","p":{"a":0,"k":[12.716,48.625],"ix":2},"a":{"a":0,"k":[0,0],"ix":1},"s":{"a":0,"k":[100,100],"ix":3},"r":{"a":0,"k":0,"ix":6},"o":{"a":0,"k":100,"ix":7},"sk":{"a":0,"k":0,"ix":4},"sa":{"a":0,"k":0,"ix":5},"nm":"Transformar"}],"nm":"Grupo 4","np":2,"cix":2,"bm":0,"ix":4,"mn":"ADBE Vector Group","hd":false},{"ty":"gr","it":[{"ind":0,"ty":"sh","ix":1,"ks":{"a":1,"k":[{"i":{"x":0.231,"y":1},"o":{"x":0.607,"y":0},"t":0,"s":[{"i":[[-5.773,0.03],[-24.535,4.186],[0,0],[27.977,-4.114],[-1.35,9.008],[0,0]],"o":[[8.549,-0.045],[0,0],[0,0],[-9.012,1.326],[0,0],[0.855,-5.709]],"v":[[-15.333,-1.797],[34.582,0.232],[37.888,14.497],[-12.13,28.319],[-27.509,12.826],[-26.821,8.243]],"c":true}]},{"i":{"x":0.248,"y":1},"o":{"x":0.596,"y":0},"t":72,"s":[{"i":[[-5.773,0.03],[-9.24,23.111],[0,0],[27.977,-4.114],[-1.35,9.008],[0,0]],"o":[[8.549,-0.045],[0,0],[0,0],[-9.012,1.326],[0,0],[0.855,-5.709]],"v":[[-15.333,-1.797],[14.966,-29.645],[28.859,-25.016],[-12.13,28.319],[-27.509,12.826],[-26.821,8.243]],"c":true}]},{"i":{"x":0.248,"y":1},"o":{"x":0.596,"y":0},"t":147,"s":[{"i":[[-5.773,0.03],[-24.535,4.186],[0,0],[27.977,-4.114],[-1.35,9.008],[0,0]],"o":[[8.549,-0.045],[0,0],[0,0],[-9.012,1.326],[0,0],[0.855,-5.709]],"v":[[-15.333,-1.797],[34.582,0.232],[37.888,14.497],[-12.13,28.319],[-27.509,12.826],[-26.821,8.243]],"c":true}]},{"i":{"x":0.219,"y":1},"o":{"x":0.615,"y":0},"t":222,"s":[{"i":[[-5.773,0.03],[-9.24,23.111],[0,0],[27.977,-4.114],[-1.35,9.008],[0,0]],"o":[[8.549,-0.045],[0,0],[0,0],[-9.012,1.326],[0,0],[0.855,-5.709]],"v":[[-15.333,-1.797],[14.966,-29.645],[28.859,-25.016],[-12.13,28.319],[-27.509,12.826],[-26.821,8.243]],"c":true}]},{"i":{"x":0.107,"y":1},"o":{"x":0.685,"y":0},"t":292,"s":[{"i":[[-5.773,0.03],[-24.535,4.186],[0,0],[27.977,-4.114],[-1.35,9.008],[0,0]],"o":[[8.549,-0.045],[0,0],[0,0],[-9.012,1.326],[0,0],[0.855,-5.709]],"v":[[-15.333,-1.797],[34.582,0.232],[37.888,14.497],[-12.13,28.319],[-27.509,12.826],[-26.821,8.243]],"c":true}]},{"i":{"x":0.248,"y":1},"o":{"x":0.596,"y":0},"t":348,"s":[{"i":[[-5.773,0.03],[-9.24,23.111],[0,0],[27.977,-4.114],[-1.35,9.008],[0,0]],"o":[[8.549,-0.045],[0,0],[0,0],[-9.012,1.326],[0,0],[0.855,-5.709]],"v":[[-15.333,-1.797],[14.966,-29.645],[28.859,-25.016],[-12.13,28.319],[-27.509,12.826],[-26.821,8.243]],"c":true}]},{"i":{"x":0.248,"y":1},"o":{"x":0.596,"y":0},"t":423,"s":[{"i":[[-5.773,0.03],[-24.535,4.186],[0,0],[27.977,-4.114],[-1.35,9.008],[0,0]],"o":[[8.549,-0.045],[0,0],[0,0],[-9.012,1.326],[0,0],[0.855,-5.709]],"v":[[-15.333,-1.797],[34.582,0.232],[37.888,14.497],[-12.13,28.319],[-27.509,12.826],[-26.821,8.243]],"c":true}]},{"i":{"x":0.219,"y":1},"o":{"x":0.615,"y":0},"t":498,"s":[{"i":[[-5.773,0.03],[-9.24,23.111],[0,0],[27.977,-4.114],[-1.35,9.008],[0,0]],"o":[[8.549,-0.045],[0,0],[0,0],[-9.012,1.326],[0,0],[0.855,-5.709]],"v":[[-15.333,-1.797],[14.966,-29.645],[28.859,-25.016],[-12.13,28.319],[-27.509,12.826],[-26.821,8.243]],"c":true}]},{"t":568,"s":[{"i":[[-5.773,0.03],[-24.535,4.186],[0,0],[27.977,-4.114],[-1.35,9.008],[0,0]],"o":[[8.549,-0.045],[0,0],[0,0],[-9.012,1.326],[0,0],[0.855,-5.709]],"v":[[-15.333,-1.797],[34.582,0.232],[37.888,14.497],[-12.13,28.319],[-27.509,12.826],[-26.821,8.243]],"c":true}]}],"ix":2},"nm":"Trazado 1","mn":"ADBE Vector Shape - Group","hd":false},{"ty":"fl","c":{"a":0,"k":[0.161000001197,0.4,0.216000007181,1],"ix":4},"o":{"a":0,"k":100,"ix":5},"r":1,"bm":0,"nm":"Relleno 1","mn":"ADBE Vector Graphic - Fill","hd":false},{"ty":"tr","p":{"a":0,"k":[189.694,46.498],"ix":2},"a":{"a":0,"k":[0,0],"ix":1},"s":{"a":0,"k":[100,100],"ix":3},"r":{"a":0,"k":0,"ix":6},"o":{"a":0,"k":100,"ix":7},"sk":{"a":0,"k":0,"ix":4},"sa":{"a":0,"k":0,"ix":5},"nm":"Transformar"}],"nm":"Grupo 5","np":2,"cix":2,"bm":0,"ix":5,"mn":"ADBE Vector Group","hd":false},{"ty":"gr","it":[{"ind":0,"ty":"sh","ix":1,"ks":{"a":1,"k":[{"i":{"x":0.231,"y":1},"o":{"x":0.607,"y":0},"t":0,"s":[{"i":[[5.473,-1.836],[24.57,3.974],[0,0],[-27.805,5.146],[4.189,8.088],[0,0]],"o":[[-8.105,2.72],[0,0],[0,0],[8.957,-1.657],[0,0],[-2.655,-5.126]],"v":[[14.444,-9.06],[-40.432,6.285],[-43.615,20.579],[21.143,20.477],[30.691,0.844],[28.559,-3.271]],"c":true}]},{"i":{"x":0.248,"y":1},"o":{"x":0.596,"y":0},"t":72,"s":[{"i":[[5.473,-1.836],[16.213,18.884],[0,0],[-27.805,5.146],[4.189,8.088],[0,0]],"o":[[-8.105,2.72],[0,0],[0,0],[8.957,-1.657],[0,0],[-2.655,-5.126]],"v":[[14.444,-9.06],[-23.229,-25.622],[-34.881,-16.753],[21.144,20.477],[30.691,0.844],[28.56,-3.271]],"c":true}]},{"i":{"x":0.248,"y":1},"o":{"x":0.596,"y":0},"t":147,"s":[{"i":[[5.473,-1.836],[24.57,3.974],[0,0],[-27.805,5.146],[4.189,8.088],[0,0]],"o":[[-8.105,2.72],[0,0],[0,0],[8.957,-1.657],[0,0],[-2.655,-5.126]],"v":[[14.444,-9.06],[-40.432,6.285],[-43.615,20.579],[21.143,20.477],[30.691,0.844],[28.559,-3.271]],"c":true}]},{"i":{"x":0.219,"y":1},"o":{"x":0.615,"y":0},"t":222,"s":[{"i":[[5.473,-1.836],[16.213,18.884],[0,0],[-27.805,5.146],[4.189,8.088],[0,0]],"o":[[-8.105,2.72],[0,0],[0,0],[8.957,-1.657],[0,0],[-2.655,-5.126]],"v":[[14.444,-9.06],[-23.229,-25.622],[-34.881,-16.753],[21.144,20.477],[30.691,0.844],[28.56,-3.271]],"c":true}]},{"i":{"x":0.107,"y":1},"o":{"x":0.685,"y":0},"t":292,"s":[{"i":[[5.473,-1.836],[24.57,3.974],[0,0],[-27.805,5.146],[4.189,8.088],[0,0]],"o":[[-8.105,2.72],[0,0],[0,0],[8.957,-1.657],[0,0],[-2.655,-5.126]],"v":[[14.444,-9.06],[-40.432,6.285],[-43.615,20.579],[21.143,20.477],[30.691,0.844],[28.559,-3.271]],"c":true}]},{"i":{"x":0.248,"y":1},"o":{"x":0.596,"y":0},"t":348,"s":[{"i":[[5.473,-1.836],[16.213,18.884],[0,0],[-27.805,5.146],[4.189,8.088],[0,0]],"o":[[-8.105,2.72],[0,0],[0,0],[8.957,-1.657],[0,0],[-2.655,-5.126]],"v":[[14.444,-9.06],[-23.229,-25.622],[-34.881,-16.753],[21.144,20.477],[30.691,0.844],[28.56,-3.271]],"c":true}]},{"i":{"x":0.248,"y":1},"o":{"x":0.596,"y":0},"t":423,"s":[{"i":[[5.473,-1.836],[24.57,3.974],[0,0],[-27.805,5.146],[4.189,8.088],[0,0]],"o":[[-8.105,2.72],[0,0],[0,0],[8.957,-1.657],[0,0],[-2.655,-5.126]],"v":[[14.444,-9.06],[-40.432,6.285],[-43.615,20.579],[21.143,20.477],[30.691,0.844],[28.559,-3.271]],"c":true}]},{"i":{"x":0.219,"y":1},"o":{"x":0.615,"y":0},"t":498,"s":[{"i":[[5.473,-1.836],[16.213,18.884],[0,0],[-27.805,5.146],[4.189,8.088],[0,0]],"o":[[-8.105,2.72],[0,0],[0,0],[8.957,-1.657],[0,0],[-2.655,-5.126]],"v":[[14.444,-9.06],[-23.229,-25.622],[-34.881,-16.753],[21.144,20.477],[30.691,0.844],[28.56,-3.271]],"c":true}]},{"t":568,"s":[{"i":[[5.473,-1.836],[24.57,3.974],[0,0],[-27.805,5.146],[4.189,8.088],[0,0]],"o":[[-8.105,2.72],[0,0],[0,0],[8.957,-1.657],[0,0],[-2.655,-5.126]],"v":[[14.444,-9.06],[-40.432,6.285],[-43.615,20.579],[21.143,20.477],[30.691,0.844],[28.559,-3.271]],"c":true}]}],"ix":2},"nm":"Trazado 1","mn":"ADBE Vector Shape - Group","hd":false},{"ty":"fl","c":{"a":0,"k":[0.161000001197,0.4,0.216000007181,1],"ix":4},"o":{"a":0,"k":100,"ix":5},"r":1,"bm":0,"nm":"Relleno 1","mn":"ADBE Vector Graphic - Fill","hd":false},{"ty":"tr","p":{"a":0,"k":[47.618,75.799],"ix":2},"a":{"a":0,"k":[0,0],"ix":1},"s":{"a":0,"k":[100,100],"ix":3},"r":{"a":0,"k":0,"ix":6},"o":{"a":0,"k":100,"ix":7},"sk":{"a":0,"k":0,"ix":4},"sa":{"a":0,"k":0,"ix":5},"nm":"Transformar"}],"nm":"Grupo 6","np":2,"cix":2,"bm":0,"ix":6,"mn":"ADBE Vector Group","hd":false},{"ty":"gr","it":[{"ind":0,"ty":"sh","ix":1,"ks":{"a":1,"k":[{"i":{"x":0.458,"y":1},"o":{"x":0.465,"y":0},"t":72,"s":[{"i":[[0,0],[-6.18,-14.239],[0,0],[21.526,19.323]],"o":[[0,0],[6.18,14.238],[0,0],[-21.525,-19.324]],"v":[[-13.559,-27.965],[0.702,-28.223],[31.376,9.425],[-9.852,23.139]],"c":true}]},{"i":{"x":0.418,"y":1},"o":{"x":0.49,"y":0},"t":222,"s":[{"i":[[0,0],[-6.18,-14.239],[0,0],[21.526,19.323]],"o":[[0,0],[6.18,14.238],[0,0],[-21.525,-19.324]],"v":[[-13.559,-27.965],[0.702,-28.223],[31.376,9.425],[-9.852,23.139]],"c":true}]},{"i":{"x":0.458,"y":1},"o":{"x":0.465,"y":0},"t":348,"s":[{"i":[[0,0],[-6.18,-14.239],[0,0],[21.526,19.323]],"o":[[0,0],[6.18,14.238],[0,0],[-21.525,-19.324]],"v":[[-13.559,-27.965],[0.702,-28.223],[31.376,9.425],[-9.852,23.139]],"c":true}]},{"t":498,"s":[{"i":[[0,0],[-6.18,-14.239],[0,0],[21.526,19.323]],"o":[[0,0],[6.18,14.238],[0,0],[-21.525,-19.324]],"v":[[-13.559,-27.965],[0.702,-28.223],[31.376,9.425],[-9.852,23.139]],"c":true}]}],"ix":2},"nm":"Trazado 1","mn":"ADBE Vector Shape - Group","hd":false},{"ty":"fl","c":{"a":0,"k":[0.161000001197,0.4,0.216000007181,1],"ix":4},"o":{"a":0,"k":100,"ix":5},"r":1,"bm":0,"nm":"Relleno 1","mn":"ADBE Vector Graphic - Fill","hd":false},{"ty":"tr","p":{"a":0,"k":[167.907,74.851],"ix":2},"a":{"a":0,"k":[0,0],"ix":1},"s":{"a":0,"k":[100,100],"ix":3},"r":{"a":0,"k":0,"ix":6},"o":{"a":0,"k":100,"ix":7},"sk":{"a":0,"k":0,"ix":4},"sa":{"a":0,"k":0,"ix":5},"nm":"Transformar"}],"nm":"Grupo 7","np":2,"cix":2,"bm":0,"ix":7,"mn":"ADBE Vector Group","hd":false},{"ty":"gr","it":[{"ind":0,"ty":"sh","ix":1,"ks":{"a":1,"k":[{"i":{"x":0.458,"y":1},"o":{"x":0.465,"y":0},"t":72,"s":[{"i":[[0,0],[1.248,-15.472],[0,0],[-14.127,25.242]],"o":[[0,0],[-1.247,15.472],[0,0],[14.127,-25.243]],"v":[[1.655,-31.847],[-11.925,-27.484],[-28.787,18.057],[14.66,17.714]],"c":true}]},{"i":{"x":0.418,"y":1},"o":{"x":0.49,"y":0},"t":222,"s":[{"i":[[0,0],[1.248,-15.472],[0,0],[-14.127,25.242]],"o":[[0,0],[-1.247,15.472],[0,0],[14.127,-25.243]],"v":[[1.655,-31.847],[-11.925,-27.484],[-28.787,18.057],[14.66,17.714]],"c":true}]},{"i":{"x":0.458,"y":1},"o":{"x":0.465,"y":0},"t":348,"s":[{"i":[[0,0],[1.248,-15.472],[0,0],[-14.127,25.242]],"o":[[0,0],[-1.247,15.472],[0,0],[14.127,-25.243]],"v":[[1.655,-31.847],[-11.925,-27.484],[-28.787,18.057],[14.66,17.714]],"c":true}]},{"t":498,"s":[{"i":[[0,0],[1.248,-15.472],[0,0],[-14.127,25.242]],"o":[[0,0],[-1.247,15.472],[0,0],[14.127,-25.243]],"v":[[1.655,-31.847],[-11.925,-27.484],[-28.787,18.057],[14.66,17.714]],"c":true}]}],"ix":2},"nm":"Trazado 1","mn":"ADBE Vector Shape - Group","hd":false},{"ty":"fl","c":{"a":0,"k":[0.161000001197,0.4,0.216000007181,1],"ix":4},"o":{"a":0,"k":100,"ix":5},"r":1,"bm":0,"nm":"Relleno 1","mn":"ADBE Vector Graphic - Fill","hd":false},{"ty":"tr","p":{"a":0,"k":[80.389,90.737],"ix":2},"a":{"a":0,"k":[0,0],"ix":1},"s":{"a":0,"k":[100,100],"ix":3},"r":{"a":0,"k":0,"ix":6},"o":{"a":0,"k":100,"ix":7},"sk":{"a":0,"k":0,"ix":4},"sa":{"a":0,"k":0,"ix":5},"nm":"Transformar"}],"nm":"Grupo 8","np":2,"cix":2,"bm":0,"ix":8,"mn":"ADBE Vector Group","hd":false}],"ip":0,"op":2740,"st":0,"bm":0},{"ddd":0,"ind":6,"ty":2,"nm":"Cuerpo","refId":"image_4","sr":1,"ks":{"o":{"a":0,"k":100,"ix":11},"r":{"a":0,"k":0,"ix":10},"p":{"a":0,"k":[202.05,253.39,0],"ix":2,"l":2},"a":{"a":0,"k":[62.329,66.231,0],"ix":1,"l":2},"s":{"a":0,"k":[100,100,100],"ix":6,"l":2}},"ao":0,"ip":0,"op":2740,"st":0,"bm":0},{"ddd":0,"ind":7,"ty":4,"nm":"Pie Izq contornos","sr":1,"ks":{"o":{"a":0,"k":100,"ix":11},"r":{"a":1,"k":[{"i":{"x":[0],"y":[1]},"o":{"x":[0.333],"y":[0]},"t":64,"s":[0]},{"i":{"x":[0],"y":[1]},"o":{"x":[0.333],"y":[0]},"t":88,"s":[-23]},{"t":124,"s":[0]}],"ix":10},"p":{"a":0,"k":[186.702,304.717,0],"ix":2,"l":2},"a":{"a":0,"k":[21.133,6.34,0],"ix":1,"l":2},"s":{"a":0,"k":[100,100,100],"ix":6,"l":2}},"ao":0,"shapes":[{"ty":"gr","it":[{"ind":0,"ty":"sh","ix":1,"ks":{"a":0,"k":{"i":[[0.122,-3.729],[1.26,-0.594],[3.498,2.491],[4.188,-0.792],[-0.847,-7.704],[-8.453,1.403],[-2.19,3.612],[0,0],[0,0]],"o":[[-0.028,0.866],[-3.882,1.832],[-3.199,-2.277],[-7.616,1.439],[0.949,8.634],[4.493,-0.746],[5.196,-3.678],[11.913,0.248],[1.329,-9.867]],"v":[[13.575,-12.76],[11.473,-10.583],[-0.44,-11.945],[-11.912,-14.46],[-24.036,1.899],[-6.659,15.086],[3.709,8.051],[11.035,7.696],[23.554,2.65]],"c":true},"ix":2},"nm":"Trazado 1","mn":"ADBE Vector Shape - Group","hd":false},{"ty":"fl","c":{"a":0,"k":[0.180000005984,0.180000005984,0.172999991623,1],"ix":4},"o":{"a":0,"k":100,"ix":5},"r":1,"bm":0,"nm":"Relleno 1","mn":"ADBE Vector Graphic - Fill","hd":false},{"ty":"tr","p":{"a":0,"k":[25.133,60.942],"ix":2},"a":{"a":0,"k":[0,0],"ix":1},"s":{"a":0,"k":[100,100],"ix":3},"r":{"a":0,"k":0,"ix":6},"o":{"a":0,"k":100,"ix":7},"sk":{"a":0,"k":0,"ix":4},"sa":{"a":0,"k":0,"ix":5},"nm":"Transformar"}],"nm":"Grupo 1","np":2,"cix":2,"bm":0,"ix":1,"mn":"ADBE Vector Group","hd":false},{"ty":"gr","it":[{"ind":0,"ty":"sh","ix":1,"ks":{"a":1,"k":[{"i":{"x":0.833,"y":0.833},"o":{"x":0.167,"y":0.167},"t":64,"s":[{"i":[[0,0],[-3.42,-25.326],[-6.878,10.558],[-6.624,12.085]],"o":[[0,0],[0,0],[0,0],[0,0]],"v":[[-18.307,-32.84],[-1.673,24.816],[18.307,22.283],[17.066,-27.729]],"c":true}]},{"t":88,"s":[{"i":[[0,0],[-3.42,-25.326],[-6.878,10.558],[-6.624,12.085]],"o":[[0,0],[0,0],[0,0],[0,0]],"v":[[-20.774,-43.665],[-1.673,24.815],[18.307,22.282],[17.066,-27.729]],"c":true}]}],"ix":2},"nm":"Trazado 1","mn":"ADBE Vector Shape - Group","hd":false},{"ty":"fl","c":{"a":0,"k":[0.255000005984,0.528999956916,0.328999986836,1],"ix":4},"o":{"a":0,"k":100,"ix":5},"r":1,"bm":0,"nm":"Relleno 1","mn":"ADBE Vector Graphic - Fill","hd":false},{"ty":"tr","p":{"a":0,"k":[23.644,33.09],"ix":2},"a":{"a":0,"k":[0,0],"ix":1},"s":{"a":0,"k":[100,100],"ix":3},"r":{"a":0,"k":0,"ix":6},"o":{"a":0,"k":100,"ix":7},"sk":{"a":0,"k":0,"ix":4},"sa":{"a":0,"k":0,"ix":5},"nm":"Transformar"}],"nm":"Grupo 2","np":2,"cix":2,"bm":0,"ix":2,"mn":"ADBE Vector Group","hd":false}],"ip":0,"op":2740,"st":0,"bm":0},{"ddd":0,"ind":8,"ty":4,"nm":"Pie Der contornos","sr":1,"ks":{"o":{"a":0,"k":100,"ix":11},"r":{"a":1,"k":[{"i":{"x":[0],"y":[1]},"o":{"x":[0.333],"y":[0]},"t":64,"s":[0]},{"i":{"x":[0],"y":[1]},"o":{"x":[0.333],"y":[0]},"t":88,"s":[63]},{"t":124,"s":[0]}],"ix":10},"p":{"a":0,"k":[243.193,298.472,0],"ix":2,"l":2},"a":{"a":0,"k":[17.825,17.538,0],"ix":1,"l":2},"s":{"a":0,"k":[100,100,100],"ix":6,"l":2}},"ao":0,"shapes":[{"ty":"gr","it":[{"ind":0,"ty":"sh","ix":1,"ks":{"a":0,"k":{"i":[[-1.04,3.185],[-1.293,0.515],[-0.566,4.256],[-3.436,2.521],[-5.056,-5.875],[6.793,-5.224],[4.136,0.863],[0,0],[0,0]],"o":[[0.269,-0.823],[3.988,-1.59],[0.517,-3.892],[6.248,-4.586],[5.665,6.584],[-3.612,2.776],[-6.233,1.29],[-7.946,8.88],[-5.856,-6.06]],"v":[[-20.8,5.394],[-16.792,2.616],[-10.045,-7.99],[-4.058,-18.094],[16.175,-15.798],[13.962,5.904],[1.744,8.685],[-3.512,13.8],[-15.742,19.51]],"c":true},"ix":2},"nm":"Trazado 1","mn":"ADBE Vector Shape - Group","hd":false},{"ty":"fl","c":{"a":0,"k":[0.180000005984,0.180000005984,0.172999991623,1],"ix":4},"o":{"a":0,"k":100,"ix":5},"r":1,"bm":0,"nm":"Relleno 1","mn":"ADBE Vector Graphic - Fill","hd":false},{"ty":"tr","p":{"a":0,"k":[73.56,35.147],"ix":2},"a":{"a":0,"k":[0,0],"ix":1},"s":{"a":0,"k":[100,100],"ix":3},"r":{"a":0,"k":0,"ix":6},"o":{"a":0,"k":100,"ix":7},"sk":{"a":0,"k":0,"ix":4},"sa":{"a":0,"k":0,"ix":5},"nm":"Transformar"}],"nm":"Grupo 1","np":2,"cix":2,"bm":0,"ix":1,"mn":"ADBE Vector Group","hd":false},{"ty":"gr","it":[{"ind":0,"ty":"sh","ix":1,"ks":{"a":1,"k":[{"i":{"x":0.833,"y":0.833},"o":{"x":0.167,"y":0.167},"t":64,"s":[{"i":[[0,0],[-23.157,-10.808],[5.167,11.494],[6.588,12.105]],"o":[[0,0],[0,0],[0,0],[0,0]],"v":[[-35.667,4.92],[21.834,22.081],[30.5,3.9],[-12.25,-22.081]],"c":true}]},{"i":{"x":0.833,"y":0.833},"o":{"x":0.167,"y":0.167},"t":82,"s":[{"i":[[0,0],[-23.157,-10.808],[5.167,11.494],[9.866,1.94]],"o":[[0,0],[0,0],[0,0],[0,0]],"v":[[-35.667,4.92],[21.834,22.081],[30.5,3.9],[-35.459,-28.295]],"c":true}]},{"t":112,"s":[{"i":[[0,0],[-23.157,-10.808],[5.167,11.494],[6.588,12.105]],"o":[[0,0],[0,0],[0,0],[0,0]],"v":[[-35.667,4.92],[21.834,22.081],[30.5,3.9],[-12.25,-22.081]],"c":true}]}],"ix":2},"nm":"Trazado 1","mn":"ADBE Vector Shape - Group","hd":false},{"ty":"fl","c":{"a":0,"k":[0.255000005984,0.528999956916,0.328999986836,1],"ix":4},"o":{"a":0,"k":100,"ix":5},"r":1,"bm":0,"nm":"Relleno 1","mn":"ADBE Vector Graphic - Fill","hd":false},{"ty":"tr","p":{"a":0,"k":[35.917,22.331],"ix":2},"a":{"a":0,"k":[0,0],"ix":1},"s":{"a":0,"k":[100,100],"ix":3},"r":{"a":0,"k":0,"ix":6},"o":{"a":0,"k":100,"ix":7},"sk":{"a":0,"k":0,"ix":4},"sa":{"a":0,"k":0,"ix":5},"nm":"Transformar"}],"nm":"Grupo 2","np":2,"cix":2,"bm":0,"ix":2,"mn":"ADBE Vector Group","hd":false}],"ip":0,"op":2740,"st":0,"bm":0}]}],"layers":[{"ddd":0,"ind":1,"ty":0,"nm":"Duene","refId":"comp_0","sr":1,"ks":{"o":{"a":0,"k":100,"ix":11},"r":{"a":0,"k":0,"ix":10},"p":{"a":1,"k":[{"i":{"x":0,"y":1},"o":{"x":0.333,"y":0},"t":0,"s":[200,581,0],"to":[0,-63.5,0],"ti":[0,0,0]},{"i":{"x":0.667,"y":1},"o":{"x":1,"y":0},"t":79.686,"s":[200,200,0],"to":[0,0,0],"ti":[0,-63.5,0]},{"t":183,"s":[200,581,0]}],"ix":2,"l":2},"a":{"a":0,"k":[200,200,0],"ix":1,"l":2},"s":{"a":0,"k":[100,100,100],"ix":6,"l":2}},"ao":0,"w":400,"h":400,"ip":0,"op":2740,"st":0,"bm":0},{"ddd":0,"ind":2,"ty":2,"nm":"Trevol6","refId":"image_5","sr":1,"ks":{"o":{"a":0,"k":100,"ix":11},"r":{"a":0,"k":0,"ix":10},"p":{"a":1,"k":[{"i":{"x":0.14,"y":1},"o":{"x":0.333,"y":0},"t":0,"s":[48.972,511.357,0],"to":[0,-16.667,0],"ti":[0,16.667,0]},{"t":80,"s":[48.972,411.357,0]}],"ix":2,"l":2},"a":{"a":0,"k":[36.564,99.054,0],"ix":1,"l":2},"s":{"a":1,"k":[{"i":{"x":[0.345,0.345,0.667],"y":[1,1,1]},"o":{"x":[0.333,0.333,0.333],"y":[0,0,0]},"t":0,"s":[30,30,100]},{"t":131,"s":[100,100,100]}],"ix":6,"l":2}},"ao":0,"ip":0,"op":2740,"st":0,"bm":0},{"ddd":0,"ind":3,"ty":2,"nm":"Trevol5","refId":"image_6","sr":1,"ks":{"o":{"a":0,"k":100,"ix":11},"r":{"a":0,"k":0,"ix":10},"p":{"a":1,"k":[{"i":{"x":0.833,"y":1},"o":{"x":0.333,"y":0},"t":0,"s":[78.426,507.129,0],"to":[0,-15.833,0],"ti":[0,15.833,0]},{"t":80,"s":[78.426,412.129,0]}],"ix":2,"l":2},"a":{"a":0,"k":[22.395,81.709,0],"ix":1,"l":2},"s":{"a":1,"k":[{"i":{"x":[0.345,0.345,0.667],"y":[1,1,1]},"o":{"x":[0.333,0.333,0.333],"y":[0,0,0]},"t":0,"s":[30,30,100]},{"t":131,"s":[100,100,100]}],"ix":6,"l":2}},"ao":0,"ip":0,"op":2740,"st":0,"bm":0},{"ddd":0,"ind":4,"ty":2,"nm":"Trevol4","refId":"image_7","sr":1,"ks":{"o":{"a":0,"k":100,"ix":11},"r":{"a":0,"k":0,"ix":10},"p":{"a":1,"k":[{"i":{"x":0.833,"y":1},"o":{"x":0.333,"y":0},"t":0,"s":[136.458,502.766,0],"to":[0,-15.833,0],"ti":[0,15.833,0]},{"t":80,"s":[136.458,407.766,0]}],"ix":2,"l":2},"a":{"a":0,"k":[33.354,97.871,0],"ix":1,"l":2},"s":{"a":1,"k":[{"i":{"x":[0.345,0.345,0.667],"y":[1,1,1]},"o":{"x":[0.333,0.333,0.333],"y":[0,0,0]},"t":0,"s":[30,30,100]},{"t":131,"s":[100,100,100]}],"ix":6,"l":2}},"ao":0,"ip":0,"op":2740,"st":0,"bm":0},{"ddd":0,"ind":5,"ty":2,"nm":"Trevol3","refId":"image_8","sr":1,"ks":{"o":{"a":0,"k":100,"ix":11},"r":{"a":0,"k":0,"ix":10},"p":{"a":1,"k":[{"i":{"x":0.833,"y":1},"o":{"x":0.333,"y":0},"t":0,"s":[288.2,503.048,0],"to":[0,-15.833,0],"ti":[0,15.833,0]},{"t":80,"s":[288.2,408.048,0]}],"ix":2,"l":2},"a":{"a":0,"k":[20.792,68.745,0],"ix":1,"l":2},"s":{"a":1,"k":[{"i":{"x":[0.345,0.345,0.667],"y":[1,1,1]},"o":{"x":[0.333,0.333,0.333],"y":[0,0,0]},"t":0,"s":[30,30,100]},{"t":131,"s":[100,100,100]}],"ix":6,"l":2}},"ao":0,"ip":0,"op":2740,"st":0,"bm":0},{"ddd":0,"ind":6,"ty":2,"nm":"Trevol2","refId":"image_9","sr":1,"ks":{"o":{"a":0,"k":100,"ix":11},"r":{"a":0,"k":0,"ix":10},"p":{"a":1,"k":[{"i":{"x":0.833,"y":1},"o":{"x":0.333,"y":0},"t":0,"s":[341.426,491.718,0],"to":[0,-15.833,0],"ti":[0,15.833,0]},{"t":80,"s":[341.426,396.718,0]}],"ix":2,"l":2},"a":{"a":0,"k":[18.395,54.298,0],"ix":1,"l":2},"s":{"a":1,"k":[{"i":{"x":[0.345,0.345,0.667],"y":[1,1,1]},"o":{"x":[0.333,0.333,0.333],"y":[0,0,0]},"t":0,"s":[30,30,100]},{"t":131,"s":[100,100,100]}],"ix":6,"l":2}},"ao":0,"ip":0,"op":2740,"st":0,"bm":0},{"ddd":0,"ind":7,"ty":2,"nm":"Trevol1","refId":"image_10","sr":1,"ks":{"o":{"a":0,"k":100,"ix":11},"r":{"a":0,"k":0,"ix":10},"p":{"a":1,"k":[{"i":{"x":0.833,"y":1},"o":{"x":0.333,"y":0},"t":0,"s":[375.437,504.855,0],"to":[0,-15.833,0],"ti":[0,15.833,0]},{"t":80,"s":[375.437,409.855,0]}],"ix":2,"l":2},"a":{"a":0,"k":[17.332,99.959,0],"ix":1,"l":2},"s":{"a":1,"k":[{"i":{"x":[0.345,0.345,0.667],"y":[1,1,1]},"o":{"x":[0.333,0.333,0.333],"y":[0,0,0]},"t":0,"s":[30,30,100]},{"t":131,"s":[100,100,100]}],"ix":6,"l":2}},"ao":0,"ip":0,"op":2740,"st":0,"bm":0}],"markers":[]}